head_id,tail_id,head,head_type,relation,relation_zh,tail,tail_type,evidence,source_pages,source_chunks,confidence
ProcessObject_侧分段,ProcessObject_底部分段,侧分段,ProcessObject,assembled_with,连接/装配,底部分段,ProcessObject,将侧分段与底部分段的外板进行定位焊,[170],"[""shiprag_p170_00197""]",0.9
Component_侧纵桁,Component_肋骨,侧纵桁,Component,assembled_with,连接/装配,肋骨,Component,"将其与侧纵桁连接,保证分段型线不受影响",[141],"[""shiprag_p141_00161""]",0.9
Component_前后横舱壁,Component_纵舱壁,前后横舱壁,Component,assembled_with,连接/装配,纵舱壁,Component,将其与纵舱壁定位焊,[140],"[""shiprag_p140_00160""]",0.9
Component_压筋围壁,ToolEquipment_胎架,压筋围壁,Component,assembled_with,连接/装配,胎架,ToolEquipment,压筋围壁则在胎架上装配,[102],"[""shiprag_p102_00118""]",0.9
Component_双层底框架部件,ToolEquipment_平台,双层底框架部件,Component,assembled_with,连接/装配,平台,ToolEquipment,双层底框架以纵桁为基面在平台上装配,[101],"[""shiprag_p101_00117""]",0.9
Component_垂直加强板,Component_水平加强板,垂直加强板,Component,assembled_with,连接/装配,水平加强板,Component,将其与平台及水平加强板定位焊,[141],"[""shiprag_p141_00162""]",0.9
Component_平面围壁,ProcessObject_平台,平面围壁,Component,assembled_with,连接/装配,平台,ProcessObject,平面围壁在平台上装配,[102],"[""shiprag_p102_00118""]",0.9
ProcessObject_底部分段,ProcessObject_船台,底部分段,ProcessObject,assembled_with,连接/装配,船台,ProcessObject,底部分段在船台合拢,[165],"[""shiprag_p165_00191""]",0.9
Component_强肋骨,Component_连接肘板,强肋骨,Component,assembled_with,连接/装配,连接肘板,Component,"再插入强肋骨定位,最后装连接肘板",[131],"[""shiprag_p131_00149""]",0.8
Component_横向隔板,Component_纵向隔板,横向隔板,Component,assembled_with,连接/装配,纵向隔板,Component,将纵横隔板拉紧,[136],"[""shiprag_p136_00155""]",0.8
ProcessObject_立体分段,Component_底部,立体分段,ProcessObject,assembled_with,连接/装配,底部,Component,由底部、舷侧和舱壁等子分段组成的封闭或半封闭分段,[113],"[""shiprag_p113_00130""]",0.9
ProcessObject_立体分段,Component_舷侧,立体分段,ProcessObject,assembled_with,连接/装配,舷侧,Component,由底部、舷侧和舱壁等子分段组成的封闭或半封闭分段,[113],"[""shiprag_p113_00130""]",0.9
Component_肋板,Component_K行板,肋板,Component,assembled_with,连接/装配,K行板,Component,将肋板放下，与柱及K行板定位焊,[137],"[""shiprag_p137_00157""]",0.9
Component_肋骨框架,ProcessObject_平台板,肋骨框架,Component,assembled_with,连接/装配,平台板,ProcessObject,将肋(骨)框架对号放入靠板之间，对准中心线和位置线，用角钢临时固定,[139],"[""shiprag_p139_00159""]",0.9
Component_肘板,ProcessObject_底部分段,肘板,Component,assembled_with,连接/装配,底部分段,ProcessObject,普通肋骨处的肘板或角接于肋骨翼板和内底板,[170],"[""shiprag_p170_00197""]",0.8
Component_舰柱,Process_电渣焊,舰柱,Component,assembled_with,连接/装配,电渣焊,Process,各段间采用电渣焊焊接,[96],"[""shiprag_p096_00112""]",0.9
Component_舰柱,Operation_电渣焊,舰柱,Component,assembled_with,连接/装配,电渣焊,Operation,"定位后予以固定,进行电渣焊。",[98],"[""shiprag_p098_00114""]",0.9
Component_舱壁,ProcessObject_底部分段,舱壁,Component,assembled_with,连接/装配,底部分段,ProcessObject,将横舱壁吊上底部分段插入靠板内,[166],"[""shiprag_p166_00193""]",0.9
Component_舵叶板,Component_扁钢,舵叶板,Component,assembled_with,连接/装配,扁钢,Component,两侧舵叶板在后端与扁钢尾端连接,[109],"[""shiprag_p109_00126""]",0.85
Component_舵杆孔围板,Component_零号舱壁,舵杆孔围板,Component,assembled_with,连接/装配,零号舱壁,Component,在零号舱壁上按图纸尺寸画出舵杆孔侧围壁的位置线,[140],"[""shiprag_p140_00160""]",0.85
ProcessObject_舷侧分段,ProcessObject_底部分段,舷侧分段,ProcessObject,assembled_with,连接/装配,底部分段,ProcessObject,舷侧分段吊上船台前，检查与之连接的底部分段外板边缘,"[168, 169]","[""shiprag_p168_00195"", ""shiprag_p169_00196""]",0.9
ProcessObject_舷侧分段,ProcessObject_甲板分段,舷侧分段,ProcessObject,assembled_with,连接/装配,甲板分段,ProcessObject,甲板分段合拢时横梁与肋骨对准,[169],"[""shiprag_p169_00196""]",0.8
Component_舷侧纵桁,Component_强肋骨,舷侧纵桁,Component,assembled_with,连接/装配,强肋骨,Component,"装间断的侧纵桁,并将强肋骨插入处的边缘面线切制正确,再插入强肋骨定位,最后装连接肘板",[131],"[""shiprag_p131_00149""]",0.9
Component_覆板,Component_围壁板,覆板,Component,assembled_with,连接/装配,围壁板,Component,在需要更换的钢板外面加焊覆板,[190],"[""shiprag_p190_00228""]",0.9
Component_轴包板,Component_外板,轴包板,Component,assembled_with,连接/装配,外板,Component,将轴包板拉住，使之与外板贴紧。,[138],"[""shiprag_p138_00158""]",0.9
Component_轴包板,Component_肋板,轴包板,Component,assembled_with,连接/装配,肋板,Component,检查轴包板与肋板的间隙。,[138],"[""shiprag_p138_00158""]",0.9
ProcessObject_部上段,ToolEquipment_甲板胎架,部上段,ProcessObject,assembled_with,连接/装配,甲板胎架,ToolEquipment,在甲板胎架上倒装,[144],"[""shiprag_p144_00165""]",0.8
Component_下倾式内底边板,Component_内底边板,下倾式内底边板,Component,belongs_to,属于,内底边板,Component,下面介绍下倾式内底边板的展开方法,[90],"[""shiprag_p090_00106""]",0.9
Measurement_共同凹陷变形的允许挠度,ProcessObject_船体,共同凹陷变形的允许挠度,Measurement,belongs_to,属于,船体,ProcessObject,船体构件凹陷变形的允许挠度,[182],"[""shiprag_p182_00215""]",0.7
Component_内底纵骨,Component_内底板,内底纵骨,Component,belongs_to,属于,内底板,Component,装内底纵骨，定位时检查纵骨两端面和板边正足线的距离,[133],"[""shiprag_p133_00151""]",0.9
ProcessObject_分段组立树,ProcessObject_分段,分段组立树,ProcessObject,belongs_to,属于,分段,ProcessObject,分段组立树通过结构各级代码反映出结构装配单元的划分,[116],"[""shiprag_p116_00134""]",0.9
ToolEquipment_反光镜,ToolEquipment_经纬仪,反光镜,ToolEquipment,belongs_to,属于,经纬仪,ToolEquipment,反光镜能将光线反射进仪器内以照亮水平度盘,[10],"[""shiprag_p010_00011""]",0.9
ProcessObject_四节等径直角弯头,ProcessObject_多节等径弯头,四节等径直角弯头,ProcessObject,belongs_to,属于,多节等径弯头,ProcessObject,以四节等径直角弯头为例说明弯头分节和展开方法,[78],"[""shiprag_p078_00094""]",0.8
Component_围板,ProcessObject_烟囱,围板,Component,belongs_to,属于,烟囱,ProcessObject,已经完成围板装配的烟囱外形应光顺美观,[108],"[""shiprag_p108_00125""]",0.9
ProcessObject_圆柱螺旋面,ProcessObject_不可展曲面,圆柱螺旋面,ProcessObject,belongs_to,属于,不可展曲面,ProcessObject,现以球面和圆柱螺旋面为例，介绍不可展曲面的近似展开。,[80],"[""shiprag_p080_00096""]",0.8
ProcessObject_基准分段,ProcessObject_底部分段,基准分段,ProcessObject,belongs_to,属于,底部分段,ProcessObject,全船第一个吊上船台的底部分段称为基准分段,[163],"[""shiprag_p163_00189""]",0.95
Component_外围壁,Component_船体强度构件,外围壁,Component,belongs_to,属于,船体强度构件,Component,外围壁属于船体强度构件,[102],"[""shiprag_p102_00118""]",0.95
ProcessObject_平面曲线,Measurement_曲线实长,平面曲线,ProcessObject,belongs_to,属于,曲线实长,Measurement,平面曲线只在与之平行的投影面上的投影才反映实形,[70],"[""shiprag_p070_00085""]",0.8
Component_底纵桁,Component_纵向构件,底纵桁,Component,belongs_to,属于,纵向构件,Component,内龙骨、底纵桁、舷侧纵桁、甲板纵桁和艇龙骨都是船体纵向构件,[88],"[""shiprag_p088_00104""]",0.9
ProcessObject_底部分段,ProcessObject_分段,底部分段,ProcessObject,belongs_to,属于,分段,ProcessObject,底部分段在船台上合拢,[166],"[""shiprag_p166_00192""]",0.9
ProcessObject_总段,ProcessObject_分段,总段,ProcessObject,belongs_to,属于,分段,ProcessObject,具有完整横剖面的环形封闭分段称为总段,[18],"[""shiprag_p018_00020""]",0.9
Component_批龙骨,ProcessObject_船舶,批龙骨,Component,belongs_to,属于,船舶,ProcessObject,批龙骨设置于船舶批部外侧,[53],"[""shiprag_p053_00065""]",0.7
Process_板厚处理,Process_结构放样,板厚处理,Process,belongs_to,属于,结构放样,Process,结构放样时，根据构件制造工艺，按一定规律考虑板材厚度的影响，这一过程称为板厚处理,[84],"[""shiprag_p084_00100""]",0.8
ProcessObject_梁拱曲线,ProcessObject_肋骨型线,梁拱曲线,ProcessObject,belongs_to,属于,肋骨型线,ProcessObject,肋骨型线和梁拱曲线组成主船体完整的横剖面型线,[47],"[""shiprag_p047_00057""]",0.9
ProcessObject_球面,ProcessObject_不可展曲面,球面,ProcessObject,belongs_to,属于,不可展曲面,ProcessObject,现以球面和圆柱螺旋面为例，介绍不可展曲面的近似展开。,[80],"[""shiprag_p080_00096""]",0.8
Operation_球面的分带展开,Process_球面的近似展开,球面的分带展开,Operation,belongs_to,属于,球面的近似展开,Process,球面分带是沿球的纬线方向将球面分割成若干圈带,[81],"[""shiprag_p081_00097""]",0.9
Operation_球面的分瓣展开,Process_球面的近似展开,球面的分瓣展开,Operation,belongs_to,属于,球面的近似展开,Process,球面的分瓣展开是球面近似展开的一种方法,[81],"[""shiprag_p081_00097""]",0.9
ProcessObject_甲板中线,ProcessObject_纵剖线图,甲板中线,ProcessObject,belongs_to,属于,纵剖线图,ProcessObject,过所得各点连成光顺曲线，即为纵剖线图中的甲板中线。,[40],"[""shiprag_p040_00050""]",0.9
ProcessObject_甲板边线,ProcessObject_横剖线图,甲板边线,ProcessObject,belongs_to,属于,横剖线图,ProcessObject,在横剖线图中作甲板边线的步骤…将各交点连成光顺曲线…即为甲板边线。,[40],"[""shiprag_p040_00050""]",0.9
Measurement_相贯线,ProcessObject_两个几何形体,相贯线,Measurement,belongs_to,属于,两个几何形体,ProcessObject,两个几何形体相交时，就会形成一条两个表面的相交线，称为相贯线,[71],"[""shiprag_p071_00086""]",0.95
ProcessObject_空间曲线,Measurement_曲线实长,空间曲线,ProcessObject,belongs_to,属于,曲线实长,Measurement,求取曲线实长的方法，空间曲线也用直角三角形法求实长,[70],"[""shiprag_p070_00085""]",0.8
Component_素线,ProcessObject_斜截圆锥,素线,Component,belongs_to,属于,斜截圆锥,ProcessObject,素线为圆锥面上的线,[77],"[""shiprag_p077_00093""]",0.85
ProcessObject_肋骨型值表,ProcessObject_肋骨线,肋骨型值表,ProcessObject,belongs_to,属于,肋骨线,ProcessObject,编制肋骨型值表在纵线图和半宽水线图中，量取每号肋骨线交点值记录。,[46],"[""shiprag_p046_00056""]",0.85
ProcessObject_肋骨型线图,ProcessObject_船体,肋骨型线图,ProcessObject,belongs_to,属于,船体,ProcessObject,肋骨型线图是和船体装配关系最为密切的全船性结构图,[45],"[""shiprag_p045_00055""]",0.8
ProcessObject_胎架基面,ToolEquipment_胎架,胎架基面,ProcessObject,belongs_to,属于,胎架,ToolEquipment,胎架基面也就是胎架的底面,[124],"[""shiprag_p124_00142""]",0.9
Component_舰柱,ProcessObject_主船体,舰柱,Component,belongs_to,属于,主船体,ProcessObject,舰柱是主船体的尾端结构,[96],"[""shiprag_p096_00112""]",0.9
ProcessObject_舱壁分段,ProcessObject_分段,舱壁分段,ProcessObject,belongs_to,属于,分段,ProcessObject,合拢该区域内的舱壁分段,[166],"[""shiprag_p166_00192""]",0.9
ToolEquipment_读数显微镜,ToolEquipment_经纬仪,读数显微镜,ToolEquipment,belongs_to,属于,经纬仪,ToolEquipment,"转动读数显微镜的目镜,以使刻线尽量清晰",[10],"[""shiprag_p010_00011""]",0.9
Component_边墩,ToolEquipment_墩木,边墩,Component,belongs_to,属于,墩木,ToolEquipment,边墩铺设于船底两侧的适当距离处,[155],"[""shiprag_p155_00178""]",0.9
Component_钢柱,ProcessObject_分段,钢柱,Component,belongs_to,属于,分段,ProcessObject,将画好中心线、肋位线的钢柱吊上分段,[141],"[""shiprag_p141_00162""]",0.9
Component_隔板,ProcessObject_舵叶,隔板,Component,belongs_to,属于,舵叶,ProcessObject,从中间水平隔板开始，顺序向两侧装配各垂直和水平隔板,[110],"[""shiprag_p110_00127""]",0.9
Component_鳍柱,ProcessObject_主船体,鳍柱,Component,belongs_to,属于,主船体,ProcessObject,崩柱是主船体的首端构件。,[98],"[""shiprag_p098_00114""]",0.9
Component_龙骨墩,ToolEquipment_墩木,龙骨墩,Component,belongs_to,属于,墩木,ToolEquipment,龙骨墩铺设在中底的下方，它由木墩或在金属(水泥)墩上放置木组成,[155],"[""shiprag_p155_00178""]",0.9
Process_二次除锈,Measurement_分段二次除锈率,二次除锈,Process,causes,导致,分段二次除锈率,Measurement,二次除锈实际包括分段二次除锈,[30],"[""shiprag_p030_00036""]",0.8
Measurement_二次除锈率,Measurement_涂装工作量,二次除锈率,Measurement,causes,导致,涂装工作量,Measurement,二次除锈率增加一倍，就意味着涂装工作量增加一倍。,[29],"[""shiprag_p029_00035""]",0.8
Defect_凹陷,Defect_弯曲,凹陷,Defect,causes,导致,弯曲,Defect,板材的凹陷同时就引起内部骨架的弯曲,[180],"[""shiprag_p180_00212""]",0.85
Defect_分段弯曲变形,Operation_焊接,分段弯曲变形,Defect,causes,导致,焊接,Operation,分段越长越宽，焊接产生的横向弯曲变形也越大,[146],"[""shiprag_p146_00167""]",0.85
Process_反造,Defect_分段的下塌变形,反造,Process,causes,导致,分段的下塌变形,Defect,"反造时,则造成分段的下塌变形",[146],"[""shiprag_p146_00168""]",0.9
Parameter_吊索夹角,Defect_弯曲变形,吊索夹角,Parameter,causes,导致,弯曲变形,Defect,吊索夹角大导致水平分力使甲板弯曲变形,[25],"[""shiprag_p025_00029""]",0.9
Process_外力作用,Defect_船体结构弯曲_扭转和惯性力,外力作用,Process,causes,导致,船体结构弯曲、扭转和惯性力,Defect,这些外力的作用使船体结构受到弯曲，扭转和惯性力的作用。,[180],"[""shiprag_p180_00211""]",0.8
Defect_应力集中,Defect_疲劳性损坏,应力集中,Defect,causes,导致,疲劳性损坏,Defect,当肋板采用切口加补板的形式时，容易使该处应力集中而导致结构的疲劳性损坏,[126],"[""shiprag_p126_00144""]",0.9
Defect_意外事故,Defect_碰撞_搁浅和触礁,意外事故,Defect,causes,导致,碰撞、搁浅和触礁,Defect,由人为因素造成的碰撞、搁浅和触礁等。,[180],"[""shiprag_p180_00211""]",0.8
Process_板厚处理不当,Defect_接口缺陷,板厚处理不当,Process,causes,导致,接口缺陷,Defect,不作正确的板厚处理会造成两管接口不平，中间出现过大空隙,[86],"[""shiprag_p086_00102""]",0.9
Process_正造,Defect_分段横向的上趣变形,正造,Process,causes,导致,分段横向的上趣变形,Defect,"正造时,外板焊接的收缩量,在拼板烁接时消失,而内底板及构架的焊接收缩将造成分段横向的上趣变形",[146],"[""shiprag_p146_00168""]",0.9
Defect_漆膜保护意识淡薄,Operation_二次除锈,漆膜保护意识淡薄,Defect,causes,导致,二次除锈,Operation,漆膜的大量损伤必然造成区域二次除锈率的居高不下,[30],"[""shiprag_p030_00037""]",0.8
Defect_焊接变形,ProcessObject_分段,焊接变形,Defect,causes,导致,分段,ProcessObject,结构的焊接变形和结构的刚性成反比关系,[148],"[""shiprag_p148_00170""]",0.9
Defect_跟踪补漆不全面,Operation_二次除锈,跟踪补漆不全面,Defect,causes,导致,二次除锈,Operation,跟踪补漆不全面、不及时，从而导致腐蚀的迅速加剧,[30],"[""shiprag_p030_00037""]",0.8
Defect_锈蚀耗损,ProcessObject_金属船体,锈蚀耗损,Defect,causes,导致,金属船体,ProcessObject,金属船体的锈蚀是难以完全避免，并且持续发生的自然耗损。,[180],"[""shiprag_p180_00211""]",0.9
ProcessObject_斜剖线,ProcessObject_船体型表面,斜剖线,ProcessObject,checks,检查/评估,船体型表面,ProcessObject,斜剖线是一个特殊的倾斜平面与船体型表面的交线,[44],"[""shiprag_p044_00054""]",0.9
Measurement_格子线,Operation_对角线检验,格子线,Measurement,checks,检查/评估,对角线检验,Operation,作好的各个格子线应用对角线进行检验,[36],"[""shiprag_p036_00045""]",0.9
Operation_肋骨型线检验,ProcessObject_肋骨型线,肋骨型线检验,Operation,checks,检查/评估,肋骨型线,ProcessObject,肋骨型线放样之后，也需要进行检验,[47],"[""shiprag_p047_00057""]",0.9
ProcessObject_上下分段,Component_围壁,上下分段,ProcessObject,composed_of,由……组成,围壁,Component,上下分段外围壁光顺过渡,[177],"[""shiprag_p177_00208""]",0.8
ToolEquipment_两翼扇形梳状式活络样板,Component_扇形连接板,两翼扇形梳状式活络样板,ToolEquipment,composed_of,由……组成,扇形连接板,Component,它由下列零部件组成:立杆、横杆、扇形连接板、伸缩杆、弹资钢带和紧固螺栓。,[59],"[""shiprag_p059_00072""]",0.9
ToolEquipment_两翼扇形梳状式活络样板,Component_横杆,两翼扇形梳状式活络样板,ToolEquipment,composed_of,由……组成,横杆,Component,它由下列零部件组成:立杆、横杆、扇形连接板、伸缩杆、弹资钢带和紧固螺栓。,[59],"[""shiprag_p059_00072""]",0.9
ToolEquipment_两翼扇形梳状式活络样板,Component_立杆,两翼扇形梳状式活络样板,ToolEquipment,composed_of,由……组成,立杆,Component,它由下列零部件组成:立杆、横杆、扇形连接板、伸缩杆、弹资钢带和紧固螺栓。,[59],"[""shiprag_p059_00072""]",0.9
ProcessObject_主船体,ProcessObject_侧分段,主船体,ProcessObject,composed_of,由……组成,侧分段,ProcessObject,常将主船体划分为底部分段、侧分段、甲板分段和舱壁分段,[13],"[""shiprag_p013_00014""]",0.9
ProcessObject_主船体,ProcessObject_底部分段,主船体,ProcessObject,composed_of,由……组成,底部分段,ProcessObject,常将主船体划分为底部分段、侧分段、甲板分段和舱壁分段,[13],"[""shiprag_p013_00014""]",0.9
ProcessObject_五级编码,ProcessObject_分段代码,五级编码,ProcessObject,composed_of,由……组成,分段代码,ProcessObject,五级编码中自右向左依次是:零件、部件、组合件、分段和船舶。,[18],"[""shiprag_p018_00019""]",0.9
ProcessObject_五级编码,ProcessObject_组合件代码,五级编码,ProcessObject,composed_of,由……组成,组合件代码,ProcessObject,五级编码中自右向左依次是:零件、部件、组合件、分段和船舶。,[18],"[""shiprag_p018_00019""]",0.9
ProcessObject_五级编码,ProcessObject_船舶代码,五级编码,ProcessObject,composed_of,由……组成,船舶代码,ProcessObject,五级编码中自右向左依次是:零件、部件、组合件、分段和船舶。,[18],"[""shiprag_p018_00019""]",0.9
ProcessObject_侧分段,Component_外板,侧分段,ProcessObject,composed_of,由……组成,外板,Component,"当侧分段带有甲板边板时,常外板采用图5-33所示两种连接形式",[132],"[""shiprag_p132_00150""]",0.9
ProcessObject_内底板,Component_折角线,内底板,ProcessObject,composed_of,由……组成,折角线,Component,在平面图中作出内底板折角线,[52],"[""shiprag_p052_00064""]",0.9
ProcessObject_分段,ProcessObject_组合件,分段,ProcessObject,composed_of,由……组成,组合件,ProcessObject,它由若干组合件、部件和零件装配焊接而成,[18],"[""shiprag_p018_00020""]",0.9
ProcessObject_分段组立树,ProcessObject_双层底分段,分段组立树,ProcessObject,composed_of,由……组成,双层底分段,ProcessObject,图5-13为一双层底分段(左、右)的组立树,[116],"[""shiprag_p116_00134""]",0.9
ProcessObject_半宽水线图,Measurement_格子线,半宽水线图,ProcessObject,composed_of,由……组成,格子线,Measurement,半宽水线图的格子线由中心线、纵剖线、半宽线和站线组成,[36],"[""shiprag_p036_00045""]",0.9
ProcessObject_半宽水线图,ProcessObject_水线,半宽水线图,ProcessObject,composed_of,由……组成,水线,ProcessObject,半宽水线图中的各条水线。,[41],"[""shiprag_p041_00051""]",0.8
Component_双层底框架部件,Component_纵桁,双层底框架部件,Component,composed_of,由……组成,纵桁,Component,双层底框架部件由一道纵桁、纵桁一侧的肋板、底纵骨、内底纵骨、加强筋、补板和肘板组成,[101],"[""shiprag_p101_00117""]",0.95
Component_双层底框架部件,Component_肋板,双层底框架部件,Component,composed_of,由……组成,肋板,Component,双层底框架部件由一道纵桁、纵桁一侧的肋板、底纵骨、内底纵骨、加强筋、补板和肘板组成,[101],"[""shiprag_p101_00117""]",0.95
ProcessObject_型线,ProcessObject_横剖线,型线,ProcessObject,composed_of,由……组成,横剖线,ProcessObject,在横剖线图中，将水线半宽图中的半宽值投影到各对应水线上，即得各横剖线,[43],"[""shiprag_p043_00053""]",0.9
ProcessObject_型线,ProcessObject_纵剖线,型线,ProcessObject,composed_of,由……组成,纵剖线,ProcessObject,将纵剖线图中站线与崩船轮的交点投影到横线图的中线上,[43],"[""shiprag_p043_00053""]",0.8
Component_型钢,Component_肋骨,型钢,Component,composed_of,由……组成,肋骨,Component,型钢弯曲而成的零件，如肋骨和纵骨,[60],"[""shiprag_p060_00073""]",0.8
Component_外板,Component_舷列板,外板,Component,composed_of,由……组成,舷列板,Component,船底向舷侧过渡部位的外板称为舷列板,[54],"[""shiprag_p054_00067""]",0.9
Component_外板,Component_龙骨底板,外板,Component,composed_of,由……组成,龙骨底板,Component,位于船底中心线上的外板称为龙骨底板,[54],"[""shiprag_p054_00067""]",0.95
Component_外板,Component_龙骨翼板,外板,Component,composed_of,由……组成,龙骨翼板,Component,与龙骨底板相连接的底板称为龙骨翼板,[54],"[""shiprag_p054_00067""]",0.9
ProcessObject_底边舱分段,Component_内底板,底边舱分段,ProcessObject,composed_of,由……组成,内底板,Component,底边舱的倾斜内底为一平板。通常都以内底板作为基面倒装,[132],"[""shiprag_p132_00150""]",0.9
Component_桅杆,Component_桅杆柱体,桅杆,Component,composed_of,由……组成,桅杆柱体,Component,桅杆柱体是桅杆的主体部分,[104],"[""shiprag_p104_00120""]",0.8
ProcessObject_横剖线图,Measurement_格子线,横剖线图,ProcessObject,composed_of,由……组成,格子线,Measurement,横剖线图的格子线由基线、中线、半宽线、水线和纵剖线组成,[36],"[""shiprag_p036_00045""]",0.9
ProcessObject_横剖线图,ProcessObject_横剖线,横剖线图,ProcessObject,composed_of,由……组成,横剖线,ProcessObject,横剖线图由各号横剖线组成。,[41],"[""shiprag_p041_00051""]",0.8
Component_水平桁材,Component_扶强材,水平桁材,Component,composed_of,由……组成,扶强材,Component,水平桁材上扶强材开,[106],"[""shiprag_p106_00123""]",0.8
ProcessObject_烟窗围板,Component_垂直扶强材,烟窗围板,ProcessObject,composed_of,由……组成,垂直扶强材,Component,烟窗围板由前后左右共4块组垂直加强材成,[107],"[""shiprag_p107_00124""]",0.8
ToolEquipment_积术型框架式可调脚手架,Component_踏板,积术型框架式可调脚手架,ToolEquipment,composed_of,由……组成,踏板,Component,在其上铺设踏板后即得到理想的工作平台和通道,[153],"[""shiprag_p153_00176""]",0.9
ProcessObject_纵剖线图,ProcessObject_纵剖线,纵剖线图,ProcessObject,composed_of,由……组成,纵剖线,ProcessObject,纵剖线图由各号纵剖线组成。,[41],"[""shiprag_p041_00051""]",0.8
Measurement_纵剖线图格子线,Measurement_基线,纵剖线图格子线,Measurement,composed_of,由……组成,基线,Measurement,纵线图格子线由基线、水线和站线组成。,[36],"[""shiprag_p036_00044""]",0.9
Measurement_纵剖线图格子线,Measurement_站线,纵剖线图格子线,Measurement,composed_of,由……组成,站线,Measurement,纵线图格子线由基线、水线和站线组成。,[36],"[""shiprag_p036_00044""]",0.9
ProcessObject_组合件,Component_部件,组合件,ProcessObject,composed_of,由……组成,部件,Component,组合件由若干个部件和零件经过两次或多次装配焊接,[18],"[""shiprag_p018_00020""]",0.9
ProcessObject_肋骨型线,ProcessObject_斜剖线,肋骨型线,ProcessObject,composed_of,由……组成,斜剖线,ProcessObject,在型线曲率变化较大的部分作3~5条斜剖线,[47],"[""shiprag_p047_00057""]",0.8
ToolEquipment_舱内吊杆式作业台,Component_悬臂梁,舱内吊杆式作业台,ToolEquipment,composed_of,由……组成,悬臂梁,Component,它是在行走台车上设置立柱和悬臂梁,[154],"[""shiprag_p154_00177""]",0.9
ToolEquipment_舱内吊杆式作业台,Component_立柱,舱内吊杆式作业台,ToolEquipment,composed_of,由……组成,立柱,Component,它是在行走台车上设置立柱和悬臂梁,[154],"[""shiprag_p154_00177""]",0.9
ToolEquipment_舱内吊杆式作业台,Component_行走台车,舱内吊杆式作业台,ToolEquipment,composed_of,由……组成,行走台车,Component,它是在行走台车上设置立柱和悬臂梁,[154],"[""shiprag_p154_00177""]",0.9
ProcessObject_舵叶,Component_垂直隔板,舵叶,ProcessObject,composed_of,由……组成,垂直隔板,Component,舵叶内设水平和垂直隔板，形成格状结构,[109],"[""shiprag_p109_00126""]",0.9
ProcessObject_舵叶,Component_水平隔板,舵叶,ProcessObject,composed_of,由……组成,水平隔板,Component,舵叶内设水平和垂直隔板，形成格状结构,[109],"[""shiprag_p109_00126""]",0.9
Component_舷侧纵桁,Component_腹板,舷侧纵桁,Component,composed_of,由……组成,腹板,Component,向上量取纵桁腹板宽度I,[89],"[""shiprag_p089_00105""]",0.8
ProcessObject_船体,ProcessObject_分段,船体,ProcessObject,composed_of,由……组成,分段,ProcessObject,形成若干数量的船体分段，最后组装成完整的船体,[150],"[""shiprag_p150_00172""]",0.9
ProcessObject_船体型表面,Component_上甲板,船体型表面,ProcessObject,composed_of,由……组成,上甲板,Component,船体型表面是指外板和上甲板的外表面,[62],"[""shiprag_p062_00076""]",0.9
ProcessObject_船体型表面,Component_外板,船体型表面,ProcessObject,composed_of,由……组成,外板,Component,船体型表面是指外板和上甲板的外表面,[62],"[""shiprag_p062_00076""]",0.9
ProcessObject_通用支柱式双斜切胎架,Component_支柱,通用支柱式双斜切胎架,ProcessObject,composed_of,由……组成,支柱,Component,用相等间距设立支柱以代替胎板,[125],"[""shiprag_p125_00143""]",0.9
ProcessObject_部上段,Component_上甲板,部上段,ProcessObject,composed_of,由……组成,上甲板,Component,醋部上段由上甲板、纵横舱壁、肋骨框架、甲板纵桁、柱纵桁和外板组成,[144],"[""shiprag_p144_00165""]",0.9
Component_钢板鳍柱,Component_鞘柱板,钢板鳍柱,Component,composed_of,由……组成,鞘柱板,Component,钢板髓柱由鞘柱板、纵向加强筋和肘板组成,[99],"[""shiprag_p099_00115""]",0.9
ProcessObject_顶边舱舷侧分段,Component_斜底板,顶边舱舷侧分段,ProcessObject,composed_of,由……组成,斜底板,Component,在边舱斜底平台上铺放斜底板,[134],"[""shiprag_p134_00153""]",0.9
ProcessObject_顶边舱舷侧分段,Component_横向框架,顶边舱舷侧分段,ProcessObject,composed_of,由……组成,横向框架,Component,装顶边舱横向框架,[134],"[""shiprag_p134_00153""]",0.9
ProcessObject_顶边舱舷侧分段,Component_甲板,顶边舱舷侧分段,ProcessObject,composed_of,由……组成,甲板,Component,在甲板平台上铺设甲板,[134],"[""shiprag_p134_00153""]",0.9
Chapter_中级船体装配工工艺学,Chapter_第七章船体修理,中级船体装配工工艺学,Chapter,contains,包含,第七章船体修理,Chapter,教材章节,"[179, 180, 181, 182, 183, 184, 185, 186, 187, 188, 189, 190, 191, 192]","[""shiprag_p179_00210"", ""shiprag_p180_00211"", ""shiprag_p180_00212"", ""shiprag_p181_00213"", ""shiprag_p181_00214"", ""shiprag_p182_00215"", ""shiprag_p183_00216"", ""shiprag_p183_00217"", ""shiprag_p184_00218"", ""shiprag_p185_00219"", ""shiprag_p185_00220"", ""shiprag_p186_00221"", ""shiprag_p186_00222"", ""shiprag_p187_00223"", ""shiprag_p187_00224"", ""shiprag_p188_00225"", ""shiprag_p189_00226"", ""shiprag_p189_00227"", ""shiprag_p190_00228"", ""shiprag_p191_00229"", ""shiprag_p192_00230""]",0.95
Chapter_中级船体装配工工艺学,Chapter_第三章,中级船体装配工工艺学,Chapter,contains,包含,第三章,Chapter,教材章节,"[64, 65, 66, 67, 68, 69, 70, 71, 72, 73, 74, 75, 76, 77, 78, 79, 80, 81, 82, 83, 84, 85, 86, 87, 88, 89, 90, 91, 92, 93, 94, 95]","[""shiprag_p064_00078"", ""shiprag_p065_00079"", ""shiprag_p066_00080"", ""shiprag_p066_00081"", ""shiprag_p067_00082"", ""shiprag_p068_00083"", ""shiprag_p069_00084"", ""shiprag_p070_00085"", ""shiprag_p071_00086"", ""shiprag_p072_00087"", ""shiprag_p073_00088"", ""shiprag_p073_00089"", ""shiprag_p074_00090"", ""shiprag_p075_00091"", ""shiprag_p076_00092"", ""shiprag_p077_00093"", ""shiprag_p078_00094"", ""shiprag_p079_00095"", ""shiprag_p080_00096"", ""shiprag_p081_00097"", ""shiprag_p082_00098"", ""shiprag_p083_00099"", ""shiprag_p084_00100"", ""shiprag_p085_00101"", ""shiprag_p086_00102"", ""shiprag_p087_00103"", ""shiprag_p088_00104"", ""shiprag_p089_00105"", ""shiprag_p090_00106"", ""shiprag_p091_00107"", ""shiprag_p092_00108"", ""shiprag_p093_00109"", ""shiprag_p094_00110"", ""shiprag_p095_00111""]",0.95
Chapter_中级船体装配工工艺学,Chapter_第二章舟,中级船体装配工工艺学,Chapter,contains,包含,第二章舟,Chapter,教材章节,"[33, 34, 35, 36, 37, 38, 39, 40, 41, 42, 43, 44, 45, 46, 47, 48, 49, 50, 51, 52, 53, 54, 55, 56, 57, 58, 59, 60, 61, 62, 63]","[""shiprag_p033_00040"", ""shiprag_p033_00041"", ""shiprag_p034_00042"", ""shiprag_p035_00043"", ""shiprag_p036_00044"", ""shiprag_p036_00045"", ""shiprag_p037_00046"", ""shiprag_p038_00047"", ""shiprag_p038_00048"", ""shiprag_p039_00049"", ""shiprag_p040_00050"", ""shiprag_p041_00051"", ""shiprag_p042_00052"", ""shiprag_p043_00053"", ""shiprag_p044_00054"", ""shiprag_p045_00055"", ""shiprag_p046_00056"", ""shiprag_p047_00057"", ""shiprag_p048_00058"", ""shiprag_p048_00059"", ""shiprag_p049_00060"", ""shiprag_p050_00061"", ""shiprag_p051_00062"", ""shiprag_p051_00063"", ""shiprag_p052_00064"", ""shiprag_p053_00065"", ""shiprag_p054_00066"", ""shiprag_p054_00067"", ""shiprag_p055_00068"", ""shiprag_p056_00069"", ""shiprag_p057_00070"", ""shiprag_p058_00071"", ""shiprag_p059_00072"", ""shiprag_p060_00073"", ""shiprag_p060_00074"", ""shiprag_p061_00075"", ""shiprag_p062_00076"", ""shiprag_p063_00077""]",0.95
Chapter_中级船体装配工工艺学,Chapter_第五章,中级船体装配工工艺学,Chapter,contains,包含,第五章,Chapter,教材章节,"[112, 113, 114, 115, 116, 117, 118, 119, 120, 121, 122, 123, 124, 125, 126, 127, 128, 129, 130, 131, 132, 133, 134, 135, 136, 137, 138, 139, 140, 141, 142, 143, 144, 145, 146, 147, 148, 149]","[""shiprag_p112_00129"", ""shiprag_p113_00130"", ""shiprag_p114_00131"", ""shiprag_p115_00132"", ""shiprag_p116_00133"", ""shiprag_p116_00134"", ""shiprag_p117_00135"", ""shiprag_p118_00136"", ""shiprag_p119_00137"", ""shiprag_p120_00138"", ""shiprag_p121_00139"", ""shiprag_p122_00140"", ""shiprag_p123_00141"", ""shiprag_p124_00142"", ""shiprag_p125_00143"", ""shiprag_p126_00144"", ""shiprag_p127_00145"", ""shiprag_p128_00146"", ""shiprag_p129_00147"", ""shiprag_p130_00148"", ""shiprag_p131_00149"", ""shiprag_p132_00150"", ""shiprag_p133_00151"", ""shiprag_p133_00152"", ""shiprag_p134_00153"", ""shiprag_p135_00154"", ""shiprag_p136_00155"", ""shiprag_p136_00156"", ""shiprag_p137_00157"", ""shiprag_p138_00158"", ""shiprag_p139_00159"", ""shiprag_p140_00160"", ""shiprag_p141_00161"", ""shiprag_p141_00162"", ""shiprag_p142_00163"", ""shiprag_p143_00164"", ""shiprag_p144_00165"", ""shiprag_p145_00166"", ""shiprag_p146_00167"", ""shiprag_p146_00168"", ""shiprag_p147_00169"", ""shiprag_p148_00170"", ""shiprag_p149_00171""]",0.95
Chapter_中级船体装配工工艺学,Chapter_第五章船体分段的装配,中级船体装配工工艺学,Chapter,contains,包含,第五章船体分段的装配,Chapter,教材章节,"[8, 9, 10, 11, 12, 13, 14, 15, 16, 17, 18, 19, 20, 21, 22, 23, 24, 25, 26, 27, 28, 29, 30, 31, 32]","[""shiprag_p008_00008"", ""shiprag_p008_00009"", ""shiprag_p009_00010"", ""shiprag_p010_00011"", ""shiprag_p011_00012"", ""shiprag_p012_00013"", ""shiprag_p013_00014"", ""shiprag_p014_00015"", ""shiprag_p015_00016"", ""shiprag_p016_00017"", ""shiprag_p017_00018"", ""shiprag_p018_00019"", ""shiprag_p018_00020"", ""shiprag_p019_00021"", ""shiprag_p019_00022"", ""shiprag_p020_00023"", ""shiprag_p021_00024"", ""shiprag_p022_00025"", ""shiprag_p023_00026"", ""shiprag_p024_00027"", ""shiprag_p024_00028"", ""shiprag_p025_00029"", ""shiprag_p026_00030"", ""shiprag_p027_00031"", ""shiprag_p027_00032"", ""shiprag_p028_00033"", ""shiprag_p029_00034"", ""shiprag_p029_00035"", ""shiprag_p030_00036"", ""shiprag_p030_00037"", ""shiprag_p031_00038"", ""shiprag_p032_00039""]",0.95
Chapter_中级船体装配工工艺学,Chapter_第六章,中级船体装配工工艺学,Chapter,contains,包含,第六章,Chapter,教材章节,"[150, 151, 152, 153, 154, 155, 156, 157, 158, 159, 160, 161, 162, 163, 164, 165, 166, 167, 168, 169, 170, 171, 172, 173, 174, 175, 176, 177, 178]","[""shiprag_p150_00172"", ""shiprag_p151_00173"", ""shiprag_p152_00174"", ""shiprag_p153_00175"", ""shiprag_p153_00176"", ""shiprag_p154_00177"", ""shiprag_p155_00178"", ""shiprag_p156_00179"", ""shiprag_p157_00180"", ""shiprag_p157_00181"", ""shiprag_p158_00182"", ""shiprag_p159_00183"", ""shiprag_p159_00184"", ""shiprag_p160_00185"", ""shiprag_p161_00186"", ""shiprag_p161_00187"", ""shiprag_p162_00188"", ""shiprag_p163_00189"", ""shiprag_p164_00190"", ""shiprag_p165_00191"", ""shiprag_p166_00192"", ""shiprag_p166_00193"", ""shiprag_p167_00194"", ""shiprag_p168_00195"", ""shiprag_p169_00196"", ""shiprag_p170_00197"", ""shiprag_p170_00198"", ""shiprag_p171_00199"", ""shiprag_p172_00200"", ""shiprag_p173_00201"", ""shiprag_p174_00202"", ""shiprag_p174_00203"", ""shiprag_p175_00204"", ""shiprag_p176_00205"", ""shiprag_p176_00206"", ""shiprag_p177_00207"", ""shiprag_p177_00208"", ""shiprag_p178_00209""]",0.95
Chapter_中级船体装配工工艺学,Chapter_第四章,中级船体装配工工艺学,Chapter,contains,包含,第四章,Chapter,教材章节,"[96, 97, 98, 99, 100, 101, 102, 103, 104, 105, 106, 107, 108, 109, 110, 111]","[""shiprag_p096_00112"", ""shiprag_p097_00113"", ""shiprag_p098_00114"", ""shiprag_p099_00115"", ""shiprag_p100_00116"", ""shiprag_p101_00117"", ""shiprag_p102_00118"", ""shiprag_p103_00119"", ""shiprag_p104_00120"", ""shiprag_p105_00121"", ""shiprag_p106_00122"", ""shiprag_p106_00123"", ""shiprag_p107_00124"", ""shiprag_p108_00125"", ""shiprag_p109_00126"", ""shiprag_p110_00127"", ""shiprag_p111_00128""]",0.95
ProcessObject_分段,ProcessObject_髓_撬分段,分段,ProcessObject,contains,包含,髓、撬分段,ProcessObject,髓、撬分段的装配,[136],"[""shiprag_p136_00155""]",0.7
Component_分段II,Measurement_中心线,分段II,Component,contains,包含,中心线,Measurement,使其上中心线成水平,[97],"[""shiprag_p097_00113""]",0.8
Process_分段上的准备工作,Measurement_分段对合线,分段上的准备工作,Process,contains,包含,分段对合线,Measurement,在分段上面出供对接用的分段对合线,[157],"[""shiprag_p157_00180""]",0.9
Process_分段上的准备工作,Measurement_定位基准线,分段上的准备工作,Process,contains,包含,定位基准线,Measurement,重新勘画分段上的定位基准线,[157],"[""shiprag_p157_00180""]",0.9
Parameter_分段代码,Parameter_上下层次码,分段代码,Parameter,contains,包含,上下层次码,Parameter,五码位代码中的横向位置码和上下层次码可以空缺。,[21],"[""shiprag_p021_00024""]",0.9
Parameter_分段代码,Parameter_分段顺序码,分段代码,Parameter,contains,包含,分段顺序码,Parameter,五码位代码中的横向位置码和上下层次码可以空缺。,[21],"[""shiprag_p021_00024""]",0.9
Parameter_分段代码,Parameter_横向位置码,分段代码,Parameter,contains,包含,横向位置码,Parameter,五码位代码中的横向位置码和上下层次码可以空缺。,[21],"[""shiprag_p021_00024""]",0.9
ProcessObject_分段划分图,ProcessObject_42000吨散装货船的分段划分,分段划分图,ProcessObject,contains,包含,42000吨散装货船的分段划分,ProcessObject,图1-11为42000吨散装货船的分段划分情况,[14],"[""shiprag_p014_00015""]",0.9
Process_分段吊装程序,ProcessObject_分段划分图,分段吊装程序,Process,contains,包含,分段划分图,ProcessObject,用分段划分图反映吊装顺序,[159],"[""shiprag_p159_00183""]",0.8
Operation_分段吊运与翻身,Operation_空中翻身,分段吊运与翻身,Operation,contains,包含,空中翻身,Operation,分段翻身有空中翻身和落地滚翻两种方式。,[23],"[""shiprag_p023_00026""]",0.9
Operation_分段吊运与翻身,Operation_落地滚翻,分段吊运与翻身,Operation,contains,包含,落地滚翻,Operation,分段翻身有空中翻身和落地滚翻两种方式。,[23],"[""shiprag_p023_00026""]",0.9
Process_分段建造,Process_船体分段划分,分段建造,Process,contains,包含,船体分段划分,Process,"采用分段建造是现代造船的主要特征之一。在船体生产设计阶段,都以分段为结构单元提供分段工作图",[13],"[""shiprag_p013_00014""]",0.9
Process_分段装配,Operation_倒装,分段装配,Process,contains,包含,倒装,Operation,按前者划分有正装、倒装、侧装和卧装,[112],"[""shiprag_p112_00129""]",0.8
Process_分段装配,Operation_正装,分段装配,Process,contains,包含,正装,Operation,按前者划分有正装、倒装、侧装和卧装,[112],"[""shiprag_p112_00129""]",0.8
ProcessObject_双层底分段,Process_立体框架的装配,双层底分段,ProcessObject,contains,包含,立体框架的装配,Process,"双层底分段,边舱分段的装配中常见的一种分段装配方式",[100],"[""shiprag_p100_00116""]",0.8
ProcessObject_号料草图,Parameter_展开净尺寸,号料草图,ProcessObject,contains,包含,展开净尺寸,Parameter,草图中所标注的尺寸均为展开净尺寸。,[57],"[""shiprag_p057_00070""]",0.95
Process_岛式建造,ProcessObject_建造区,岛式建造,Process,contains,包含,建造区,ProcessObject,它将船体在船台上划分成2~3个建造区，俗称为岛。,[152],"[""shiprag_p152_00174""]",0.9
Process_待修船的勘验,Operation_码头勘验,待修船的勘验,Process,contains,包含,码头勘验,Operation,修船的勘验有以下两种方式。(2)码头勘验,[183],"[""shiprag_p183_00216""]",0.9
Process_待修船的勘验,Measurement_船体钢板厚度测量,待修船的勘验,Process,contains,包含,船体钢板厚度测量,Measurement,"对于船体结构,主要进行以下两个方面的勘测。(1)船体钢板厚度的测量",[183],"[""shiprag_p183_00216""]",0.9
Process_待修船的勘验,Operation_随船勘验,待修船的勘验,Process,contains,包含,随船勘验,Operation,修船的勘验有以下两种方式。(1)随船勘验,[183],"[""shiprag_p183_00216""]",0.9
ToolEquipment_望远镜,ToolEquipment_激光束,望远镜,ToolEquipment,contains,包含,激光束,ToolEquipment,激光束由其中心射出,[8],"[""shiprag_p008_00009""]",0.8
ToolEquipment_望远镜,ToolEquipment_瞄准器,望远镜,ToolEquipment,contains,包含,瞄准器,ToolEquipment,瞄准器设在望远镜外,[8],"[""shiprag_p008_00009""]",0.8
Process_板的换新,Operation_整板更换,板的换新,Process,contains,包含,整板更换,Operation,板的更换分整板更换和局部更换两种,[187],"[""shiprag_p187_00223""]",0.9
Process_板缝放样,Operation_横缝放样,板缝放样,Process,contains,包含,横缝放样,Operation,板缝放样包括横缝放样和纵缝放样,[55],"[""shiprag_p055_00068""]",0.95
Process_板缝放样,Operation_纵缝放样,板缝放样,Process,contains,包含,纵缝放样,Operation,板缝放样包括横缝放样和纵缝放样,[55],"[""shiprag_p055_00068""]",0.95
Process_理论型线放样,Operation_作中纵剖线,理论型线放样,Process,contains,包含,作中纵剖线,Operation,理论型线放样的具体步骤如下。1.作中纵剖线(崩舰轮廊线),[38],"[""shiprag_p038_00047""]",0.9
Chapter_第七章船体修理,Process_三角形展开法,第七章船体修理,Chapter,contains,包含,三角形展开法,Process,实体出现在该章节文本块中,[188],"[""shiprag_p188_00225""]",0.8
Chapter_第七章船体修理,Component_下甲板,第七章船体修理,Chapter,contains,包含,下甲板,Component,实体出现在该章节文本块中,[181],"[""shiprag_p181_00214""]",0.8
Chapter_第七章船体修理,ToolEquipment_专用器厚工具,第七章船体修理,Chapter,contains,包含,专用器厚工具,ToolEquipment,三元组尾实体出现在该章节,[184],"[""shiprag_p184_00218""]",0.8
Chapter_第七章船体修理,Operation_侧板修理作业,第七章船体修理,Chapter,contains,包含,侧板修理作业,Operation,实体出现在该章节文本块中,[181],"[""shiprag_p181_00213""]",0.8
Chapter_第七章船体修理,Process_修船作业,第七章船体修理,Chapter,contains,包含,修船作业,Process,实体出现在该章节文本块中,[181],"[""shiprag_p181_00213""]",0.8
Chapter_第七章船体修理,Measurement_共同凹陷变形的允许挠度,第七章船体修理,Chapter,contains,包含,共同凹陷变形的允许挠度,Measurement,实体出现在该章节文本块中,[182],"[""shiprag_p182_00215""]",0.8
Chapter_第七章船体修理,Defect_凹陷,第七章船体修理,Chapter,contains,包含,凹陷,Defect,实体出现在该章节文本块中,"[180, 186]","[""shiprag_p180_00212"", ""shiprag_p186_00221""]",0.8
Chapter_第七章船体修理,Measurement_切割线,第七章船体修理,Chapter,contains,包含,切割线,Measurement,实体出现在该章节文本块中,[190],"[""shiprag_p190_00228""]",0.8
Chapter_第七章船体修理,Measurement_割键线,第七章船体修理,Chapter,contains,包含,割键线,Measurement,实体出现在该章节文本块中,[189],"[""shiprag_p189_00227""]",0.8
Chapter_第七章船体修理,Operation_加贴补板,第七章船体修理,Chapter,contains,包含,加贴补板,Operation,实体出现在该章节文本块中,[185],"[""shiprag_p185_00219""]",0.8
Chapter_第七章船体修理,Operation_单面焊,第七章船体修理,Chapter,contains,包含,单面焊,Operation,实体出现在该章节文本块中,[183],"[""shiprag_p183_00217""]",0.8
Chapter_第七章船体修理,ToolEquipment_卷尺,第七章船体修理,Chapter,contains,包含,卷尺,ToolEquipment,实体出现在该章节文本块中,[187],"[""shiprag_p187_00223""]",0.8
Chapter_第七章船体修理,Operation_可燃气体测爆检查,第七章船体修理,Chapter,contains,包含,可燃气体测爆检查,Operation,实体出现在该章节文本块中,[181],"[""shiprag_p181_00213""]",0.8
Chapter_第七章船体修理,Component_围壁,第七章船体修理,Chapter,contains,包含,围壁,Component,实体出现在该章节文本块中,[189],"[""shiprag_p189_00227""]",0.8
Chapter_第七章船体修理,Process_围壁下部修理,第七章船体修理,Chapter,contains,包含,围壁下部修理,Process,实体出现在该章节文本块中,[189],"[""shiprag_p189_00227""]",0.8
Chapter_第七章船体修理,Component_围壁板,第七章船体修理,Chapter,contains,包含,围壁板,Component,实体出现在该章节文本块中,[190],"[""shiprag_p190_00228""]",0.8
Chapter_第七章船体修理,Operation_塞焊,第七章船体修理,Chapter,contains,包含,塞焊,Operation,实体出现在该章节文本块中,[186],"[""shiprag_p186_00221""]",0.8
Chapter_第七章船体修理,Process_外力作用,第七章船体修理,Chapter,contains,包含,外力作用,Process,实体出现在该章节文本块中,[180],"[""shiprag_p180_00211""]",0.8
Chapter_第七章船体修理,ToolEquipment_外卡,第七章船体修理,Chapter,contains,包含,外卡,ToolEquipment,实体出现在该章节文本块中,[187],"[""shiprag_p187_00224""]",0.8
Chapter_第七章船体修理,Component_外板,第七章船体修理,Chapter,contains,包含,外板,Component,实体出现在该章节文本块中,"[180, 188, 189]","[""shiprag_p180_00212"", ""shiprag_p188_00225"", ""shiprag_p189_00226""]",0.8
Chapter_第七章船体修理,Process_外板加工,第七章船体修理,Chapter,contains,包含,外板加工,Process,三元组尾实体出现在该章节,[187],"[""shiprag_p187_00224""]",0.8
Chapter_第七章船体修理,ToolEquipment_外板加工样条,第七章船体修理,Chapter,contains,包含,外板加工样条,ToolEquipment,实体出现在该章节文本块中,[188],"[""shiprag_p188_00225""]",0.8
Chapter_第七章船体修理,ToolEquipment_外板加工样板,第七章船体修理,Chapter,contains,包含,外板加工样板,ToolEquipment,实体出现在该章节文本块中,"[187, 188]","[""shiprag_p187_00224"", ""shiprag_p188_00225""]",0.8
Chapter_第七章船体修理,Operation_外板厚度打孔测量,第七章船体修理,Chapter,contains,包含,外板厚度打孔测量,Operation,实体出现在该章节文本块中,[184],"[""shiprag_p184_00218""]",0.8
Chapter_第七章船体修理,Process_外板局部割换,第七章船体修理,Chapter,contains,包含,外板局部割换,Process,实体出现在该章节文本块中,[189],"[""shiprag_p189_00226""]",0.8
Chapter_第七章船体修理,ProcessObject_外板展开图,第七章船体修理,Chapter,contains,包含,外板展开图,ProcessObject,实体出现在该章节文本块中,"[187, 188]","[""shiprag_p187_00223"", ""shiprag_p188_00225""]",0.8
Chapter_第七章船体修理,Operation_大修,第七章船体修理,Chapter,contains,包含,大修,Operation,实体出现在该章节文本块中,[179],"[""shiprag_p179_00210""]",0.8
Chapter_第七章船体修理,ToolEquipment_大锤,第七章船体修理,Chapter,contains,包含,大锤,ToolEquipment,实体出现在该章节文本块中,[186],"[""shiprag_p186_00222""]",0.8
Chapter_第七章船体修理,StandardSafety_安全操作规程,第七章船体修理,Chapter,contains,包含,安全操作规程,StandardSafety,实体出现在该章节文本块中,[181],"[""shiprag_p181_00213""]",0.8
Chapter_第七章船体修理,Operation_定位焊,第七章船体修理,Chapter,contains,包含,定位焊,Operation,实体出现在该章节文本块中,[190],"[""shiprag_p190_00228""]",0.8
Chapter_第七章船体修理,Operation_小修,第七章船体修理,Chapter,contains,包含,小修,Operation,实体出现在该章节文本块中,[179],"[""shiprag_p179_00210""]",0.8
Chapter_第七章船体修理,Process_就地矫正,第七章船体修理,Chapter,contains,包含,就地矫正,Process,实体出现在该章节文本块中,[186],"[""shiprag_p186_00222""]",0.8
Chapter_第七章船体修理,Component_崩妮柱,第七章船体修理,Chapter,contains,包含,崩妮柱,Component,实体出现在该章节文本块中,[186],"[""shiprag_p186_00222""]",0.8
Chapter_第七章船体修理,Defect_弯曲,第七章船体修理,Chapter,contains,包含,弯曲,Defect,实体出现在该章节文本块中,[180],"[""shiprag_p180_00212""]",0.8
Chapter_第七章船体修理,Component_强力甲板,第七章船体修理,Chapter,contains,包含,强力甲板,Component,三元组尾实体出现在该章节,"[181, 182]","[""shiprag_p181_00214"", ""shiprag_p182_00215""]",0.8
Chapter_第七章船体修理,Process_待修船的勘验,第七章船体修理,Chapter,contains,包含,待修船的勘验,Process,实体出现在该章节文本块中,[183],"[""shiprag_p183_00216""]",0.8
Chapter_第七章船体修理,Defect_意外事故,第七章船体修理,Chapter,contains,包含,意外事故,Defect,实体出现在该章节文本块中,[180],"[""shiprag_p180_00211""]",0.8
Chapter_第七章船体修理,ToolEquipment_扁钢,第七章船体修理,Chapter,contains,包含,扁钢,ToolEquipment,实体出现在该章节文本块中,[187],"[""shiprag_p187_00224""]",0.8
Chapter_第七章船体修理,Operation_打孔测量,第七章船体修理,Chapter,contains,包含,打孔测量,Operation,实体出现在该章节文本块中,[183],"[""shiprag_p183_00217""]",0.8
Chapter_第七章船体修理,Component_扶强材,第七章船体修理,Chapter,contains,包含,扶强材,Component,实体出现在该章节文本块中,"[186, 189, 190]","[""shiprag_p186_00222"", ""shiprag_p189_00227"", ""shiprag_p190_00228""]",0.8
Chapter_第七章船体修理,Defect_折断,第七章船体修理,Chapter,contains,包含,折断,Defect,实体出现在该章节文本块中,[180],"[""shiprag_p180_00212""]",0.8
Chapter_第七章船体修理,Operation_拆除围壁内部木质设施及电气装置,第七章船体修理,Chapter,contains,包含,拆除围壁内部木质设施及电气装置,Operation,三元组尾实体出现在该章节,[189],"[""shiprag_p189_00227""]",0.8
Chapter_第七章船体修理,Operation_挖补,第七章船体修理,Chapter,contains,包含,挖补,Operation,实体出现在该章节文本块中,"[185, 189]","[""shiprag_p185_00220"", ""shiprag_p189_00226""]",0.8
Chapter_第七章船体修理,Operation_整板更换,第七章船体修理,Chapter,contains,包含,整板更换,Operation,实体出现在该章节文本块中,[187],"[""shiprag_p187_00223""]",0.8
Chapter_第七章船体修理,Operation_明火作业,第七章船体修理,Chapter,contains,包含,明火作业,Operation,实体出现在该章节文本块中,[181],"[""shiprag_p181_00213""]",0.8
Chapter_第七章船体修理,Component_木质设施及电气装置,第七章船体修理,Chapter,contains,包含,木质设施及电气装置,Component,实体出现在该章节文本块中,[189],"[""shiprag_p189_00227""]",0.8
Chapter_第七章船体修理,Measurement_板厚,第七章船体修理,Chapter,contains,包含,板厚,Measurement,三元组尾实体出现在该章节,[183],"[""shiprag_p183_00217""]",0.8
Chapter_第七章船体修理,Operation_板厚测量,第七章船体修理,Chapter,contains,包含,板厚测量,Operation,实体出现在该章节文本块中,[183],"[""shiprag_p183_00217""]",0.8
Chapter_第七章船体修理,Component_板条,第七章船体修理,Chapter,contains,包含,板条,Component,三元组尾实体出现在该章节,[190],"[""shiprag_p190_00228""]",0.8
Chapter_第七章船体修理,Process_板的换新,第七章船体修理,Chapter,contains,包含,板的换新,Process,实体出现在该章节文本块中,[187],"[""shiprag_p187_00223""]",0.8
Chapter_第七章船体修理,Operation_构件凹陷变形挠度测量,第七章船体修理,Chapter,contains,包含,构件凹陷变形挠度测量,Operation,实体出现在该章节文本块中,[184],"[""shiprag_p184_00218""]",0.8
Chapter_第七章船体修理,Process_构件原地矫正,第七章船体修理,Chapter,contains,包含,构件原地矫正,Process,实体出现在该章节文本块中,[184],"[""shiprag_p184_00218""]",0.8
Chapter_第七章船体修理,Process_构件局部换新,第七章船体修理,Chapter,contains,包含,构件局部换新,Process,实体出现在该章节文本块中,[184],"[""shiprag_p184_00218""]",0.8
Chapter_第七章船体修理,Process_构件拆下矫正并装复,第七章船体修理,Chapter,contains,包含,构件拆下矫正并装复,Process,实体出现在该章节文本块中,[184],"[""shiprag_p184_00218""]",0.8
Chapter_第七章船体修理,Process_构件更换,第七章船体修理,Chapter,contains,包含,构件更换,Process,实体出现在该章节文本块中,[184],"[""shiprag_p184_00218""]",0.8
Chapter_第七章船体修理,Component_构架,第七章船体修理,Chapter,contains,包含,构架,Component,实体出现在该章节文本块中,[187],"[""shiprag_p187_00224""]",0.8
Chapter_第七章船体修理,ToolEquipment_样条,第七章船体修理,Chapter,contains,包含,样条,ToolEquipment,实体出现在该章节文本块中,[187],"[""shiprag_p187_00223"", ""shiprag_p187_00224""]",0.8
Chapter_第七章船体修理,Operation_止裂孔,第七章船体修理,Chapter,contains,包含,止裂孔,Operation,实体出现在该章节文本块中,[186],"[""shiprag_p186_00221""]",0.8
Chapter_第七章船体修理,Component_油水舱,第七章船体修理,Chapter,contains,包含,油水舱,Component,实体出现在该章节文本块中,[181],"[""shiprag_p181_00213""]",0.8
Chapter_第七章船体修理,Measurement_测量孔,第七章船体修理,Chapter,contains,包含,测量孔,Measurement,实体出现在该章节文本块中,[183],"[""shiprag_p183_00217""]",0.8
Chapter_第七章船体修理,QualityRequirement_海船船体蚀耗极限,第七章船体修理,Chapter,contains,包含,海船船体蚀耗极限,QualityRequirement,实体出现在该章节文本块中,[182],"[""shiprag_p182_00215""]",0.8
Chapter_第七章船体修理,Defect_渗漏,第七章船体修理,Chapter,contains,包含,渗漏,Defect,实体出现在该章节文本块中,"[180, 185]","[""shiprag_p180_00211"", ""shiprag_p185_00219""]",0.8
Chapter_第七章船体修理,Operation_火焰加热,第七章船体修理,Chapter,contains,包含,火焰加热,Operation,实体出现在该章节文本块中,[186],"[""shiprag_p186_00221""]",0.8
Chapter_第七章船体修理,Component_焊缝,第七章船体修理,Chapter,contains,包含,焊缝,Component,实体出现在该章节文本块中,[185],"[""shiprag_p185_00219""]",0.8
Chapter_第七章船体修理,Component_甲板,第七章船体修理,Chapter,contains,包含,甲板,Component,实体出现在该章节文本块中,[190],"[""shiprag_p190_00228""]",0.8
Chapter_第七章船体修理,ToolEquipment_直尺,第七章船体修理,Chapter,contains,包含,直尺,ToolEquipment,三元组尾实体出现在该章节,[184],"[""shiprag_p184_00218""]",0.8
Chapter_第七章船体修理,Operation_码头勘验,第七章船体修理,Chapter,contains,包含,码头勘验,Operation,实体出现在该章节文本块中,[183],"[""shiprag_p183_00216""]",0.8
Chapter_第七章船体修理,ToolEquipment_砂轮打磨,第七章船体修理,Chapter,contains,包含,砂轮打磨,ToolEquipment,实体出现在该章节文本块中,[183],"[""shiprag_p183_00217""]",0.8
Chapter_第七章船体修理,Defect_破洞,第七章船体修理,Chapter,contains,包含,破洞,Defect,实体出现在该章节文本块中,[180],"[""shiprag_p180_00212""]",0.8
Chapter_第七章船体修理,Defect_碰撞_搁浅和触礁,第七章船体修理,Chapter,contains,包含,碰撞、搁浅和触礁,Defect,三元组尾实体出现在该章节,[180],"[""shiprag_p180_00211""]",0.8
Chapter_第七章船体修理,ToolEquipment_碳弧气刨,第七章船体修理,Chapter,contains,包含,碳弧气刨,ToolEquipment,实体出现在该章节文本块中,[185],"[""shiprag_p185_00219""]",0.8
Chapter_第七章船体修理,Component_纵骨,第七章船体修理,Chapter,contains,包含,纵骨,Component,实体出现在该章节文本块中,[181],"[""shiprag_p181_00214""]",0.8
Chapter_第七章船体修理,Measurement_线型光顺性,第七章船体修理,Chapter,contains,包含,线型光顺性,Measurement,三元组尾实体出现在该章节,[187],"[""shiprag_p187_00224""]",0.8
Chapter_第七章船体修理,Component_肋板,第七章船体修理,Chapter,contains,包含,肋板,Component,实体出现在该章节文本块中,[181],"[""shiprag_p181_00214""]",0.8
Chapter_第七章船体修理,Component_肋骨,第七章船体修理,Chapter,contains,包含,肋骨,Component,实体出现在该章节文本块中,"[180, 187, 189]","[""shiprag_p180_00212"", ""shiprag_p187_00224"", ""shiprag_p189_00226""]",0.8
Chapter_第七章船体修理,ProcessObject_肋骨型线图,第七章船体修理,Chapter,contains,包含,肋骨型线图,ProcessObject,实体出现在该章节文本块中,[187],"[""shiprag_p187_00223""]",0.8
Chapter_第七章船体修理,Defect_腐蚀,第七章船体修理,Chapter,contains,包含,腐蚀,Defect,实体出现在该章节文本块中,[186],"[""shiprag_p186_00221""]",0.8
Chapter_第七章船体修理,Operation_航修,第七章船体修理,Chapter,contains,包含,航修,Operation,实体出现在该章节文本块中,[179],"[""shiprag_p179_00210""]",0.8
Chapter_第七章船体修理,ProcessObject_船体,第七章船体修理,Chapter,contains,包含,船体,ProcessObject,实体出现在该章节文本块中,"[179, 182]","[""shiprag_p179_00210"", ""shiprag_p182_00215""]",0.8
Chapter_第七章船体修理,Process_船体修理,第七章船体修理,Chapter,contains,包含,船体修理,Process,实体出现在该章节文本块中,"[179, 180]","[""shiprag_p179_00210"", ""shiprag_p180_00211""]",0.8
Chapter_第七章船体修理,Defect_船体凹陷变形,第七章船体修理,Chapter,contains,包含,船体凹陷变形,Defect,实体出现在该章节文本块中,[183],"[""shiprag_p183_00216""]",0.8
Chapter_第七章船体修理,Defect_船体构件凹陷变形,第七章船体修理,Chapter,contains,包含,船体构件凹陷变形,Defect,实体出现在该章节文本块中,[182],"[""shiprag_p182_00215""]",0.8
Chapter_第七章船体修理,Defect_船体结构弯曲_扭转和惯性力,第七章船体修理,Chapter,contains,包含,船体结构弯曲、扭转和惯性力,Defect,三元组尾实体出现在该章节,[180],"[""shiprag_p180_00211""]",0.8
Chapter_第七章船体修理,Measurement_船体钢板厚度测量,第七章船体修理,Chapter,contains,包含,船体钢板厚度测量,Measurement,实体出现在该章节文本块中,[183],"[""shiprag_p183_00216""]",0.8
Chapter_第七章船体修理,Component_船底板,第七章船体修理,Chapter,contains,包含,船底板,Component,实体出现在该章节文本块中,[181],"[""shiprag_p181_00214""]",0.8
Chapter_第七章船体修理,ProcessObject_船舶修理单,第七章船体修理,Chapter,contains,包含,船舶修理单,ProcessObject,实体出现在该章节文本块中,[183],"[""shiprag_p183_00216""]",0.8
Chapter_第七章船体修理,Process_补板,第七章船体修理,Chapter,contains,包含,补板,Process,实体出现在该章节文本块中,[189],"[""shiprag_p189_00226""]",0.8
Chapter_第七章船体修理,Operation_补焊,第七章船体修理,Chapter,contains,包含,补焊,Operation,实体出现在该章节文本块中,[185],"[""shiprag_p185_00219""]",0.8
Chapter_第七章船体修理,Defect_裂缝,第七章船体修理,Chapter,contains,包含,裂缝,Defect,实体出现在该章节文本块中,"[185, 186]","[""shiprag_p185_00219"", ""shiprag_p185_00220"", ""shiprag_p186_00221""]",0.8
Chapter_第七章船体修理,Component_覆板,第七章船体修理,Chapter,contains,包含,覆板,Component,实体出现在该章节文本块中,[190],"[""shiprag_p190_00228""]",0.8
Chapter_第七章船体修理,Operation_贴补,第七章船体修理,Chapter,contains,包含,贴补,Operation,实体出现在该章节文本块中,"[185, 189]","[""shiprag_p185_00220"", ""shiprag_p189_00226""]",0.8
Chapter_第七章船体修理,Operation_超声波测量,第七章船体修理,Chapter,contains,包含,超声波测量,Operation,实体出现在该章节文本块中,[183],"[""shiprag_p183_00217""]",0.8
Chapter_第七章船体修理,Process_车间矫正,第七章船体修理,Chapter,contains,包含,车间矫正,Process,实体出现在该章节文本块中,[186],"[""shiprag_p186_00222""]",0.8
Chapter_第七章船体修理,ProcessObject_金属船体,第七章船体修理,Chapter,contains,包含,金属船体,ProcessObject,三元组尾实体出现在该章节,[180],"[""shiprag_p180_00211""]",0.8
Chapter_第七章船体修理,ToolEquipment_钢尺,第七章船体修理,Chapter,contains,包含,钢尺,ToolEquipment,三元组尾实体出现在该章节,[184],"[""shiprag_p184_00218""]",0.8
Chapter_第七章船体修理,Defect_锈蚀,第七章船体修理,Chapter,contains,包含,锈蚀,Defect,实体出现在该章节文本块中,[179],"[""shiprag_p179_00210""]",0.8
Chapter_第七章船体修理,Defect_锈蚀剥落,第七章船体修理,Chapter,contains,包含,锈蚀剥落,Defect,实体出现在该章节文本块中,[180],"[""shiprag_p180_00211""]",0.8
Chapter_第七章船体修理,Defect_锈蚀耗损,第七章船体修理,Chapter,contains,包含,锈蚀耗损,Defect,实体出现在该章节文本块中,[180],"[""shiprag_p180_00211""]",0.8
Chapter_第七章船体修理,QualityRequirement_长江船舶钢质船体主要构件蚀耗后的允许最小值,第七章船体修理,Chapter,contains,包含,长江船舶钢质船体主要构件蚀耗后的允许最小值,QualityRequirement,实体出现在该章节文本块中,[182],"[""shiprag_p182_00215""]",0.8
Chapter_第七章船体修理,Operation_随船勘验,第七章船体修理,Chapter,contains,包含,随船勘验,Operation,实体出现在该章节文本块中,[183],"[""shiprag_p183_00216""]",0.8
Chapter_第七章船体修理,Operation_驳取线型,第七章船体修理,Chapter,contains,包含,驳取线型,Operation,三元组尾实体出现在该章节,[187],"[""shiprag_p187_00224""]",0.8
Chapter_第七章船体修理,Defect_骨架弯曲,第七章船体修理,Chapter,contains,包含,骨架弯曲,Defect,实体出现在该章节文本块中,[186],"[""shiprag_p186_00222""]",0.8
Chapter_第三章,Process_三角形法,第三章,Chapter,contains,包含,三角形法,Process,实体出现在该章节文本块中,"[75, 77, 79]","[""shiprag_p075_00091"", ""shiprag_p077_00093"", ""shiprag_p079_00095""]",0.8
Chapter_第三章,Component_上下甲板,第三章,Chapter,contains,包含,上下甲板,Component,三元组尾实体出现在该章节,[93],"[""shiprag_p093_00109""]",0.8
Chapter_第三章,Component_下倾式内底边板,第三章,Chapter,contains,包含,下倾式内底边板,Component,实体出现在该章节文本块中,[90],"[""shiprag_p090_00106""]",0.8
Chapter_第三章,ProcessObject_不可展曲面,第三章,Chapter,contains,包含,不可展曲面,ProcessObject,实体出现在该章节文本块中,[80],"[""shiprag_p080_00096""]",0.8
Chapter_第三章,ProcessObject_两个几何形体,第三章,Chapter,contains,包含,两个几何形体,ProcessObject,三元组尾实体出现在该章节,[71],"[""shiprag_p071_00086""]",0.8
Chapter_第三章,Parameter_中性层,第三章,Chapter,contains,包含,中性层,Parameter,实体出现在该章节文本块中,[84],"[""shiprag_p084_00100""]",0.8
Chapter_第三章,Measurement_中性层,第三章,Chapter,contains,包含,中性层,Measurement,实体出现在该章节文本块中,[85],"[""shiprag_p085_00101""]",0.8
Chapter_第三章,Measurement_中性层位置,第三章,Chapter,contains,包含,中性层位置,Measurement,三元组头实体出现在该章节,[85],"[""shiprag_p085_00101""]",0.8
Chapter_第三章,Parameter_中性层位置系数K,第三章,Chapter,contains,包含,中性层位置系数K,Parameter,实体出现在该章节文本块中,[85],"[""shiprag_p085_00101""]",0.8
Chapter_第三章,Measurement_中性层半径R,第三章,Chapter,contains,包含,中性层半径R,Measurement,实体出现在该章节文本块中,[85],"[""shiprag_p085_00101""]",0.8
Chapter_第三章,Parameter_中性层直径,第三章,Chapter,contains,包含,中性层直径,Parameter,实体出现在该章节文本块中,[86],"[""shiprag_p086_00102""]",0.8
Chapter_第三章,Measurement_中间冲势,第三章,Chapter,contains,包含,中间冲势,Measurement,实体出现在该章节文本块中,[92],"[""shiprag_p092_00108""]",0.8
Chapter_第三章,Measurement_伸长肋距,第三章,Chapter,contains,包含,伸长肋距,Measurement,实体出现在该章节文本块中,[88],"[""shiprag_p088_00104""]",0.8
Chapter_第三章,Parameter_伸长肋距,第三章,Chapter,contains,包含,伸长肋距,Parameter,实体出现在该章节文本块中,[89],"[""shiprag_p089_00105""]",0.8
Chapter_第三章,Process_作图法,第三章,Chapter,contains,包含,作图法,Process,实体出现在该章节文本块中,[75],"[""shiprag_p075_00091""]",0.8
Chapter_第三章,ProcessObject_偏心方圆接头,第三章,Chapter,contains,包含,偏心方圆接头,ProcessObject,实体出现在该章节文本块中,[79],"[""shiprag_p079_00095""]",0.8
Chapter_第三章,Process_全宽甲板展开,第三章,Chapter,contains,包含,全宽甲板展开,Process,实体出现在该章节文本块中,[92],"[""shiprag_p092_00108""]",0.8
Chapter_第三章,Measurement_内口线,第三章,Chapter,contains,包含,内口线,Measurement,实体出现在该章节文本块中,[89],"[""shiprag_p089_00105""]",0.8
Chapter_第三章,Component_内底板,第三章,Chapter,contains,包含,内底板,Component,实体出现在该章节文本块中,"[90, 91]","[""shiprag_p090_00106"", ""shiprag_p091_00107""]",0.8
Chapter_第三章,Operation_内底板展开,第三章,Chapter,contains,包含,内底板展开,Operation,三元组头实体出现在该章节,[91],"[""shiprag_p091_00107""]",0.8
Chapter_第三章,Component_内底板边线,第三章,Chapter,contains,包含,内底板边线,Component,实体出现在该章节文本块中,[71],"[""shiprag_p071_00086""]",0.8
Chapter_第三章,Component_内底边板,第三章,Chapter,contains,包含,内底边板,Component,实体出现在该章节文本块中,[90],"[""shiprag_p090_00106""]",0.8
Chapter_第三章,Measurement_冲势,第三章,Chapter,contains,包含,冲势,Measurement,实体出现在该章节文本块中,[92],"[""shiprag_p092_00108""]",0.8
Chapter_第三章,Measurement_准线,第三章,Chapter,contains,包含,准线,Measurement,实体出现在该章节文本块中,[93],"[""shiprag_p093_00109""]",0.8
Chapter_第三章,ProcessObject_四节等径直角弯头,第三章,Chapter,contains,包含,四节等径直角弯头,ProcessObject,实体出现在该章节文本块中,[78],"[""shiprag_p078_00094""]",0.8
Chapter_第三章,ProcessObject_圆柱螺旋面,第三章,Chapter,contains,包含,圆柱螺旋面,ProcessObject,实体出现在该章节文本块中,[80],"[""shiprag_p080_00096""]",0.8
Chapter_第三章,ProcessObject_圆柱面,第三章,Chapter,contains,包含,圆柱面,ProcessObject,实体出现在该章节文本块中,[81],"[""shiprag_p081_00097""]",0.8
Chapter_第三章,ProcessObject_圆锥面,第三章,Chapter,contains,包含,圆锥面,ProcessObject,实体出现在该章节文本块中,[81],"[""shiprag_p081_00097""]",0.8
Chapter_第三章,Measurement_外口线,第三章,Chapter,contains,包含,外口线,Measurement,实体出现在该章节文本块中,[89],"[""shiprag_p089_00105""]",0.8
Chapter_第三章,ProcessObject_多节等径弯头,第三章,Chapter,contains,包含,多节等径弯头,ProcessObject,实体出现在该章节文本块中,[78],"[""shiprag_p078_00094""]",0.8
Chapter_第三章,Measurement_实长,第三章,Chapter,contains,包含,实长,Measurement,实体出现在该章节文本块中,"[77, 93]","[""shiprag_p077_00093"", ""shiprag_p093_00109""]",0.8
Chapter_第三章,Operation_展开,第三章,Chapter,contains,包含,展开,Operation,实体出现在该章节文本块中,[88],"[""shiprag_p088_00104""]",0.8
Chapter_第三章,Process_展开各种形体,第三章,Chapter,contains,包含,展开各种形体,Process,三元组尾实体出现在该章节,[77],"[""shiprag_p077_00093""]",0.8
Chapter_第三章,ProcessObject_展开图,第三章,Chapter,contains,包含,展开图,ProcessObject,实体出现在该章节文本块中,"[75, 78]","[""shiprag_p075_00091"", ""shiprag_p078_00094""]",0.8
Chapter_第三章,Measurement_展开图,第三章,Chapter,contains,包含,展开图,Measurement,实体出现在该章节文本块中,[74],"[""shiprag_p074_00090""]",0.8
Chapter_第三章,Process_展开方法,第三章,Chapter,contains,包含,展开方法,Process,实体出现在该章节文本块中,[90],"[""shiprag_p090_00106""]",0.8
Chapter_第三章,Process_展开棱锥,第三章,Chapter,contains,包含,展开棱锥,Process,三元组尾实体出现在该章节,[77],"[""shiprag_p077_00093""]",0.8
Chapter_第三章,Process_展开法,第三章,Chapter,contains,包含,展开法,Process,实体出现在该章节文本块中,[71],"[""shiprag_p071_00086""]",0.8
Chapter_第三章,Measurement_展开长度,第三章,Chapter,contains,包含,展开长度,Measurement,实体出现在该章节文本块中,[84],"[""shiprag_p084_00100""]",0.8
Chapter_第三章,Parameter_展开长度公式L_A_B_0_5t,第三章,Chapter,contains,包含,展开长度公式L=A+B+0.5t,Parameter,三元组尾实体出现在该章节,[85],"[""shiprag_p085_00101""]",0.8
Chapter_第三章,Process_平行线法,第三章,Chapter,contains,包含,平行线法,Process,实体出现在该章节文本块中,"[75, 78, 79]","[""shiprag_p075_00091"", ""shiprag_p078_00094"", ""shiprag_p079_00095""]",0.8
Chapter_第三章,Operation_平行线法,第三章,Chapter,contains,包含,平行线法,Operation,实体出现在该章节文本块中,[81],"[""shiprag_p081_00097""]",0.8
Chapter_第三章,ProcessObject_平面曲线,第三章,Chapter,contains,包含,平面曲线,ProcessObject,实体出现在该章节文本块中,[70],"[""shiprag_p070_00085""]",0.8
Chapter_第三章,Measurement_平面曲线实长,第三章,Chapter,contains,包含,平面曲线实长,Measurement,三元组尾实体出现在该章节,[71],"[""shiprag_p071_00086""]",0.8
Chapter_第三章,Component_底纵桁,第三章,Chapter,contains,包含,底纵桁,Component,实体出现在该章节文本块中,[88],"[""shiprag_p088_00104""]",0.8
Chapter_第三章,ProcessObject_弯头,第三章,Chapter,contains,包含,弯头,ProcessObject,实体出现在该章节文本块中,[79],"[""shiprag_p079_00095""]",0.8
Chapter_第三章,Component_弯曲板材,第三章,Chapter,contains,包含,弯曲板材,Component,实体出现在该章节文本块中,[84],"[""shiprag_p084_00100""]",0.8
Chapter_第三章,Process_折角弯曲,第三章,Chapter,contains,包含,折角弯曲,Process,实体出现在该章节文本块中,[85],"[""shiprag_p085_00101""]",0.8
Chapter_第三章,Measurement_折角线,第三章,Chapter,contains,包含,折角线,Measurement,实体出现在该章节文本块中,"[90, 91]","[""shiprag_p090_00106"", ""shiprag_p091_00107""]",0.8
Chapter_第三章,Process_换面法,第三章,Chapter,contains,包含,换面法,Process,实体出现在该章节文本块中,"[70, 71]","[""shiprag_p070_00085"", ""shiprag_p071_00086""]",0.8
Chapter_第三章,Defect_接口缺陷,第三章,Chapter,contains,包含,接口缺陷,Defect,实体出现在该章节文本块中,[86],"[""shiprag_p086_00102""]",0.8
Chapter_第三章,Process_放射线法,第三章,Chapter,contains,包含,放射线法,Process,实体出现在该章节文本块中,"[75, 77, 78]","[""shiprag_p075_00091"", ""shiprag_p077_00093"", ""shiprag_p078_00094""]",0.8
Chapter_第三章,ProcessObject_斜截四棱锥,第三章,Chapter,contains,包含,斜截四棱锥,ProcessObject,实体出现在该章节文本块中,[78],"[""shiprag_p078_00094""]",0.8
Chapter_第三章,ProcessObject_斜截圆锥,第三章,Chapter,contains,包含,斜截圆锥,ProcessObject,实体出现在该章节文本块中,[77],"[""shiprag_p077_00093""]",0.8
Chapter_第三章,ProcessObject_方圆过渡接头,第三章,Chapter,contains,包含,方圆过渡接头,ProcessObject,实体出现在该章节文本块中,[86],"[""shiprag_p086_00102""]",0.8
Chapter_第三章,Measurement_曲线实长,第三章,Chapter,contains,包含,曲线实长,Measurement,三元组尾实体出现在该章节,"[70, 71]","[""shiprag_p070_00085"", ""shiprag_p071_00086""]",0.8
Chapter_第三章,Measurement_最大冲势,第三章,Chapter,contains,包含,最大冲势,Measurement,实体出现在该章节文本块中,[92],"[""shiprag_p092_00108""]",0.8
Chapter_第三章,Process_板厚处理,第三章,Chapter,contains,包含,板厚处理,Process,实体出现在该章节文本块中,"[84, 86]","[""shiprag_p084_00100"", ""shiprag_p086_00102""]",0.8
Chapter_第三章,Process_板厚处理不当,第三章,Chapter,contains,包含,板厚处理不当,Process,三元组头实体出现在该章节,[86],"[""shiprag_p086_00102""]",0.8
Chapter_第三章,Component_构件,第三章,Chapter,contains,包含,构件,Component,实体出现在该章节文本块中,[84],"[""shiprag_p084_00100""]",0.8
Chapter_第三章,ProcessObject_柱体,第三章,Chapter,contains,包含,柱体,ProcessObject,实体出现在该章节文本块中,"[74, 75]","[""shiprag_p074_00090"", ""shiprag_p075_00091""]",0.8
Chapter_第三章,ToolEquipment_样条,第三章,Chapter,contains,包含,样条,ToolEquipment,实体出现在该章节文本块中,[92],"[""shiprag_p092_00108""]",0.8
Chapter_第三章,Measurement_梁拱,第三章,Chapter,contains,包含,梁拱,Measurement,实体出现在该章节文本块中,"[91, 93]","[""shiprag_p091_00107"", ""shiprag_p093_00109""]",0.8
Chapter_第三章,Measurement_梁拱曲线,第三章,Chapter,contains,包含,梁拱曲线,Measurement,实体出现在该章节文本块中,[92],"[""shiprag_p092_00108""]",0.8
Chapter_第三章,ProcessObject_正螺旋叶片,第三章,Chapter,contains,包含,正螺旋叶片,ProcessObject,实体出现在该章节文本块中,[83],"[""shiprag_p083_00099""]",0.8
Chapter_第三章,ProcessObject_球面,第三章,Chapter,contains,包含,球面,ProcessObject,实体出现在该章节文本块中,[80],"[""shiprag_p080_00096""]",0.8
Chapter_第三章,Operation_球面的分带展开,第三章,Chapter,contains,包含,球面的分带展开,Operation,实体出现在该章节文本块中,[81],"[""shiprag_p081_00097""]",0.8
Chapter_第三章,Operation_球面的分瓣展开,第三章,Chapter,contains,包含,球面的分瓣展开,Operation,实体出现在该章节文本块中,[81],"[""shiprag_p081_00097""]",0.8
Chapter_第三章,Process_球面的近似展开,第三章,Chapter,contains,包含,球面的近似展开,Process,实体出现在该章节文本块中,[81],"[""shiprag_p081_00097""]",0.8
Chapter_第三章,Parameter_理论肋距,第三章,Chapter,contains,包含,理论肋距,Parameter,实体出现在该章节文本块中,[89],"[""shiprag_p089_00105""]",0.8
Chapter_第三章,Component_甲板,第三章,Chapter,contains,包含,甲板,Component,实体出现在该章节文本块中,[91],"[""shiprag_p091_00107""]",0.8
Chapter_第三章,Component_甲板边线,第三章,Chapter,contains,包含,甲板边线,Component,实体出现在该章节文本块中,[71],"[""shiprag_p071_00086""]",0.8
Chapter_第三章,Component_甲板间倾斜前围壁,第三章,Chapter,contains,包含,甲板间倾斜前围壁,Component,实体出现在该章节文本块中,[93],"[""shiprag_p093_00109""]",0.8
Chapter_第三章,ProcessObject_直纹表面,第三章,Chapter,contains,包含,直纹表面,ProcessObject,实体出现在该章节文本块中,[75],"[""shiprag_p075_00091""]",0.8
Chapter_第三章,Operation_直角三角形法,第三章,Chapter,contains,包含,直角三角形法,Operation,实体出现在该章节文本块中,[68],"[""shiprag_p068_00083""]",0.8
Chapter_第三章,Process_直角三角形法,第三章,Chapter,contains,包含,直角三角形法,Process,实体出现在该章节文本块中,[70],"[""shiprag_p070_00085""]",0.8
Chapter_第三章,Parameter_相对弯曲半径r_t,第三章,Chapter,contains,包含,相对弯曲半径r/t,Parameter,实体出现在该章节文本块中,[85],"[""shiprag_p085_00101""]",0.8
Chapter_第三章,Measurement_相贯线,第三章,Chapter,contains,包含,相贯线,Measurement,实体出现在该章节文本块中,"[71, 74]","[""shiprag_p071_00086"", ""shiprag_p074_00090""]",0.8
Chapter_第三章,ProcessObject_空间曲线,第三章,Chapter,contains,包含,空间曲线,ProcessObject,实体出现在该章节文本块中,[70],"[""shiprag_p070_00085""]",0.8
Chapter_第三章,Process_等半径圆弧倾斜前围壁展开,第三章,Chapter,contains,包含,等半径圆弧倾斜前围壁展开,Process,实体出现在该章节文本块中,[93],"[""shiprag_p093_00109""]",0.8
Chapter_第三章,ProcessObject_等径直角弯头,第三章,Chapter,contains,包含,等径直角弯头,ProcessObject,实体出现在该章节文本块中,[86],"[""shiprag_p086_00102""]",0.8
Chapter_第三章,Component_素线,第三章,Chapter,contains,包含,素线,Component,实体出现在该章节文本块中,[77],"[""shiprag_p077_00093""]",0.8
Chapter_第三章,Process_素线法,第三章,Chapter,contains,包含,素线法,Process,实体出现在该章节文本块中,[74],"[""shiprag_p074_00090""]",0.8
Chapter_第三章,Component_纵向构件,第三章,Chapter,contains,包含,纵向构件,Component,实体出现在该章节文本块中,[88],"[""shiprag_p088_00104""]",0.8
Chapter_第三章,Parameter_线段实长,第三章,Chapter,contains,包含,线段实长,Parameter,实体出现在该章节文本块中,[68],"[""shiprag_p068_00083""]",0.8
Chapter_第三章,Process_结构放样,第三章,Chapter,contains,包含,结构放样,Process,三元组尾实体出现在该章节,[84],"[""shiprag_p084_00100""]",0.8
Chapter_第三章,ProcessObject_肋骨型线图,第三章,Chapter,contains,包含,肋骨型线图,ProcessObject,实体出现在该章节文本块中,[91],"[""shiprag_p091_00107""]",0.8
Chapter_第三章,ToolEquipment_肋骨型线图,第三章,Chapter,contains,包含,肋骨型线图,ToolEquipment,实体出现在该章节文本块中,[88],"[""shiprag_p088_00104""]",0.8
Chapter_第三章,Measurement_肋骨线,第三章,Chapter,contains,包含,肋骨线,Measurement,实体出现在该章节文本块中,[90],"[""shiprag_p090_00106""]",0.8
Chapter_第三章,Parameter_肋骨间距,第三章,Chapter,contains,包含,肋骨间距,Parameter,实体出现在该章节文本块中,[70],"[""shiprag_p070_00085""]",0.8
Chapter_第三章,Measurement_脊弧,第三章,Chapter,contains,包含,脊弧,Measurement,实体出现在该章节文本块中,"[91, 93]","[""shiprag_p091_00107"", ""shiprag_p093_00109""]",0.8
Chapter_第三章,Component_腹板,第三章,Chapter,contains,包含,腹板,Component,三元组尾实体出现在该章节,[89],"[""shiprag_p089_00105""]",0.8
Chapter_第三章,Parameter_腹板宽度,第三章,Chapter,contains,包含,腹板宽度,Parameter,实体出现在该章节文本块中,[89],"[""shiprag_p089_00105""]",0.8
Chapter_第三章,Component_舷侧纵桁,第三章,Chapter,contains,包含,舷侧纵桁,Component,实体出现在该章节文本块中,"[88, 89]","[""shiprag_p088_00104"", ""shiprag_p089_00105""]",0.8
Chapter_第三章,Component_舷侧纵桁口线,第三章,Chapter,contains,包含,舷侧纵桁口线,Component,实体出现在该章节文本块中,[71],"[""shiprag_p071_00086""]",0.8
Chapter_第三章,Process_表面展开,第三章,Chapter,contains,包含,表面展开,Process,实体出现在该章节文本块中,[74],"[""shiprag_p074_00090""]",0.8
Chapter_第三章,Process_计算法,第三章,Chapter,contains,包含,计算法,Process,实体出现在该章节文本块中,[75],"[""shiprag_p075_00091""]",0.8
Chapter_第三章,ProcessObject_过渡接头,第三章,Chapter,contains,包含,过渡接头,ProcessObject,实体出现在该章节文本块中,[79],"[""shiprag_p079_00095""]",0.8
Chapter_第三章,Operation_近似展开,第三章,Chapter,contains,包含,近似展开,Operation,实体出现在该章节文本块中,[83],"[""shiprag_p083_00099""]",0.8
Chapter_第三章,Process_近似展开,第三章,Chapter,contains,包含,近似展开,Process,实体出现在该章节文本块中,[80],"[""shiprag_p080_00096""]",0.8
Chapter_第三章,ProcessObject_顶圆底腰圆连接管,第三章,Chapter,contains,包含,顶圆底腰圆连接管,ProcessObject,实体出现在该章节文本块中,[79],"[""shiprag_p079_00095""]",0.8
Chapter_第二章舟,Measurement_A_A辅助剖面,第二章舟,Chapter,contains,包含,A-A辅助剖面,Measurement,实体出现在该章节文本块中,[51],"[""shiprag_p051_00062""]",0.8
Chapter_第二章舟,Component_上甲板,第二章舟,Chapter,contains,包含,上甲板,Component,实体出现在该章节文本块中,[62],"[""shiprag_p062_00076""]",0.8
Chapter_第二章舟,ToolEquipment_两翼扇形梳状式活络样板,第二章舟,Chapter,contains,包含,两翼扇形梳状式活络样板,ToolEquipment,实体出现在该章节文本块中,[59],"[""shiprag_p059_00072""]",0.8
Chapter_第二章舟,Component_中纵剖线,第二章舟,Chapter,contains,包含,中纵剖线,Component,实体出现在该章节文本块中,[38],"[""shiprag_p038_00047""]",0.8
Chapter_第二章舟,Component_伸缩杆,第二章舟,Chapter,contains,包含,伸缩杆,Component,实体出现在该章节文本块中,[59],"[""shiprag_p059_00072""]",0.8
Chapter_第二章舟,Operation_作中纵剖线,第二章舟,Chapter,contains,包含,作中纵剖线,Operation,三元组尾实体出现在该章节,[38],"[""shiprag_p038_00047""]",0.8
Chapter_第二章舟,Operation_作纵剖线图格子线,第二章舟,Chapter,contains,包含,作纵剖线图格子线,Operation,三元组头实体出现在该章节,[36],"[""shiprag_p036_00044""]",0.8
Chapter_第二章舟,Operation_作肋骨型线,第二章舟,Chapter,contains,包含,作肋骨型线,Operation,三元组尾实体出现在该章节,[46],"[""shiprag_p046_00056""]",0.8
Chapter_第二章舟,ProcessObject_倾斜剖面,第二章舟,Chapter,contains,包含,倾斜剖面,ProcessObject,实体出现在该章节文本块中,[48],"[""shiprag_p048_00059""]",0.8
Chapter_第二章舟,Operation_光学投影号料,第二章舟,Chapter,contains,包含,光学投影号料,Operation,实体出现在该章节文本块中,[34],"[""shiprag_p034_00042""]",0.8
Chapter_第二章舟,Operation_光电跟踪切割,第二章舟,Chapter,contains,包含,光电跟踪切割,Operation,实体出现在该章节文本块中,[34],"[""shiprag_p034_00042""]",0.8
Chapter_第二章舟,QualityRequirement_光顺性,第二章舟,Chapter,contains,包含,光顺性,QualityRequirement,实体出现在该章节文本块中,[43],"[""shiprag_p043_00053""]",0.8
Chapter_第二章舟,Measurement_光顺舷弧中心线,第二章舟,Chapter,contains,包含,光顺舷弧中心线,Measurement,实体出现在该章节文本块中,[39],"[""shiprag_p039_00049""]",0.8
Chapter_第二章舟,Measurement_内口线,第二章舟,Chapter,contains,包含,内口线,Measurement,实体出现在该章节文本块中,[54],"[""shiprag_p054_00066""]",0.8
Chapter_第二章舟,ProcessObject_内底板,第二章舟,Chapter,contains,包含,内底板,ProcessObject,实体出现在该章节文本块中,[52],"[""shiprag_p052_00064""]",0.8
Chapter_第二章舟,Component_内底板,第二章舟,Chapter,contains,包含,内底板,Component,实体出现在该章节文本块中,"[56, 57]","[""shiprag_p056_00069"", ""shiprag_p057_00070""]",0.8
Chapter_第二章舟,Parameter_几何作图法,第二章舟,Chapter,contains,包含,几何作图法,Parameter,实体出现在该章节文本块中,[38],"[""shiprag_p038_00048""]",0.8
Chapter_第二章舟,Component_分段企口板,第二章舟,Chapter,contains,包含,分段企口板,Component,实体出现在该章节文本块中,[56],"[""shiprag_p056_00069""]",0.8
Chapter_第二章舟,Component_分段缝,第二章舟,Chapter,contains,包含,分段缝,Component,实体出现在该章节文本块中,[54],"[""shiprag_p054_00067""]",0.8
Chapter_第二章舟,Operation_分段装配画线,第二章舟,Chapter,contains,包含,分段装配画线,Operation,实体出现在该章节文本块中,[60],"[""shiprag_p060_00074""]",0.8
Chapter_第二章舟,Component_分段边缘,第二章舟,Chapter,contains,包含,分段边缘,Component,三元组尾实体出现在该章节,[56],"[""shiprag_p056_00069""]",0.8
Chapter_第二章舟,Measurement_分段铺板的定位数据,第二章舟,Chapter,contains,包含,分段铺板的定位数据,Measurement,实体出现在该章节文本块中,[60],"[""shiprag_p060_00074""]",0.8
Chapter_第二章舟,Operation_加工,第二章舟,Chapter,contains,包含,加工,Operation,三元组尾实体出现在该章节,[63],"[""shiprag_p063_00077""]",0.8
Chapter_第二章舟,ProcessObject_半宽水线图,第二章舟,Chapter,contains,包含,半宽水线图,ProcessObject,实体出现在该章节文本块中,"[36, 40, 41, 46]","[""shiprag_p036_00045"", ""shiprag_p040_00050"", ""shiprag_p041_00051"", ""shiprag_p046_00056""]",0.8
Chapter_第二章舟,Measurement_反圆弧半径,第二章舟,Chapter,contains,包含,反圆弧半径,Measurement,实体出现在该章节文本块中,[51],"[""shiprag_p051_00062""]",0.8
Chapter_第二章舟,Operation_号料,第二章舟,Chapter,contains,包含,号料,Operation,三元组尾实体出现在该章节,[57],"[""shiprag_p057_00070""]",0.8
Chapter_第二章舟,ProcessObject_号料草图,第二章舟,Chapter,contains,包含,号料草图,ProcessObject,实体出现在该章节文本块中,"[57, 63]","[""shiprag_p057_00070"", ""shiprag_p063_00077""]",0.8
Chapter_第二章舟,ToolEquipment_号料草图与样板,第二章舟,Chapter,contains,包含,号料草图与样板,ToolEquipment,实体出现在该章节文本块中,[56],"[""shiprag_p056_00069""]",0.8
Chapter_第二章舟,ToolEquipment_型值样棒,第二章舟,Chapter,contains,包含,型值样棒,ToolEquipment,实体出现在该章节文本块中,[47],"[""shiprag_p047_00057""]",0.8
Chapter_第二章舟,ProcessObject_型值表,第二章舟,Chapter,contains,包含,型值表,ProcessObject,实体出现在该章节文本块中,[48],"[""shiprag_p048_00058""]",0.8
Chapter_第二章舟,Parameter_型值表,第二章舟,Chapter,contains,包含,型值表,Parameter,实体出现在该章节文本块中,[36],"[""shiprag_p036_00045""]",0.8
Chapter_第二章舟,Measurement_型值表,第二章舟,Chapter,contains,包含,型值表,Measurement,实体出现在该章节文本块中,[38],"[""shiprag_p038_00047""]",0.8
Chapter_第二章舟,Component_型材,第二章舟,Chapter,contains,包含,型材,Component,实体出现在该章节文本块中,[62],"[""shiprag_p062_00076""]",0.8
Chapter_第二章舟,ProcessObject_型线,第二章舟,Chapter,contains,包含,型线,ProcessObject,实体出现在该章节文本块中,[43],"[""shiprag_p043_00053""]",0.8
Chapter_第二章舟,ProcessObject_型线三视图,第二章舟,Chapter,contains,包含,型线三视图,ProcessObject,实体出现在该章节文本块中,[45],"[""shiprag_p045_00055""]",0.8
Chapter_第二章舟,Operation_型线修改,第二章舟,Chapter,contains,包含,型线修改,Operation,实体出现在该章节文本块中,[44],"[""shiprag_p044_00054""]",0.8
Chapter_第二章舟,ProcessObject_型线图,第二章舟,Chapter,contains,包含,型线图,ProcessObject,实体出现在该章节文本块中,[36],"[""shiprag_p036_00045""]",0.8
Chapter_第二章舟,Measurement_型线图,第二章舟,Chapter,contains,包含,型线图,Measurement,实体出现在该章节文本块中,[38],"[""shiprag_p038_00047""]",0.8
Chapter_第二章舟,Process_型线放样,第二章舟,Chapter,contains,包含,型线放样,Process,实体出现在该章节文本块中,[63],"[""shiprag_p063_00077""]",0.8
Chapter_第二章舟,Operation_型线检验,第二章舟,Chapter,contains,包含,型线检验,Operation,实体出现在该章节文本块中,[44],"[""shiprag_p044_00054""]",0.8
Chapter_第二章舟,QualityRequirement_型线质量,第二章舟,Chapter,contains,包含,型线质量,QualityRequirement,三元组尾实体出现在该章节,[45],"[""shiprag_p045_00055""]",0.8
Chapter_第二章舟,Component_型钢,第二章舟,Chapter,contains,包含,型钢,Component,实体出现在该章节文本块中,[60],"[""shiprag_p060_00073""]",0.8
Chapter_第二章舟,Process_型钢弯曲加工,第二章舟,Chapter,contains,包含,型钢弯曲加工,Process,三元组尾实体出现在该章节,[60],"[""shiprag_p060_00073""]",0.8
Chapter_第二章舟,Parameter_基线,第二章舟,Chapter,contains,包含,基线,Parameter,实体出现在该章节文本块中,[35],"[""shiprag_p035_00043""]",0.8
Chapter_第二章舟,Measurement_基线,第二章舟,Chapter,contains,包含,基线,Measurement,实体出现在该章节文本块中,[36],"[""shiprag_p036_00044""]",0.8
Chapter_第二章舟,Measurement_外口线,第二章舟,Chapter,contains,包含,外口线,Measurement,实体出现在该章节文本块中,[54],"[""shiprag_p054_00066""]",0.8
Chapter_第二章舟,Component_外板,第二章舟,Chapter,contains,包含,外板,Component,实体出现在该章节文本块中,"[51, 54, 55, 56, 57, 62]","[""shiprag_p051_00063"", ""shiprag_p054_00066"", ""shiprag_p054_00067"", ""shiprag_p055_00068"", ""shiprag_p056_00069"", ""shiprag_p057_00070"", ""shiprag_p062_00076""]",0.8
Chapter_第二章舟,Process_外板弯曲加工,第二章舟,Chapter,contains,包含,外板弯曲加工,Process,实体出现在该章节文本块中,[58],"[""shiprag_p058_00071""]",0.8
Chapter_第二章舟,Process_外板接缝线放样,第二章舟,Chapter,contains,包含,外板接缝线放样,Process,实体出现在该章节文本块中,[54],"[""shiprag_p054_00066""]",0.8
Chapter_第二章舟,Process_实尺放样,第二章舟,Chapter,contains,包含,实尺放样,Process,实体出现在该章节文本块中,"[33, 34]","[""shiprag_p033_00041"", ""shiprag_p034_00042""]",0.8
Chapter_第二章舟,Operation_对角线检验,第二章舟,Chapter,contains,包含,对角线检验,Operation,实体出现在该章节文本块中,[36],"[""shiprag_p036_00045""]",0.8
Chapter_第二章舟,Parameter_展开净尺寸,第二章舟,Chapter,contains,包含,展开净尺寸,Parameter,三元组尾实体出现在该章节,[57],"[""shiprag_p057_00070""]",0.8
Chapter_第二章舟,Operation_弯曲加工,第二章舟,Chapter,contains,包含,弯曲加工,Operation,三元组尾实体出现在该章节,[63],"[""shiprag_p063_00077""]",0.8
Chapter_第二章舟,Component_弹簧钢带,第二章舟,Chapter,contains,包含,弹簧钢带,Component,实体出现在该章节文本块中,[60],"[""shiprag_p060_00073""]",0.8
Chapter_第二章舟,Operation_录取交点,第二章舟,Chapter,contains,包含,录取交点,Operation,三元组尾实体出现在该章节,[51],"[""shiprag_p051_00062""]",0.8
Chapter_第二章舟,Operation_悬线锤法,第二章舟,Chapter,contains,包含,悬线锤法,Operation,实体出现在该章节文本块中,[35],"[""shiprag_p035_00043""]",0.8
Chapter_第二章舟,Component_扇形连接板,第二章舟,Chapter,contains,包含,扇形连接板,Component,实体出现在该章节文本块中,[59],"[""shiprag_p059_00072""]",0.8
Chapter_第二章舟,Component_批龙骨,第二章舟,Chapter,contains,包含,批龙骨,Component,实体出现在该章节文本块中,[53],"[""shiprag_p053_00065""]",0.8
Chapter_第二章舟,QualityRequirement_投影一致性,第二章舟,Chapter,contains,包含,投影一致性,QualityRequirement,实体出现在该章节文本块中,[43],"[""shiprag_p043_00053""]",0.8
Chapter_第二章舟,Component_折角线,第二章舟,Chapter,contains,包含,折角线,Component,实体出现在该章节文本块中,[52],"[""shiprag_p052_00064""]",0.8
Chapter_第二章舟,Process_推进器轴出口处型线放样,第二章舟,Chapter,contains,包含,推进器轴出口处型线放样,Process,实体出现在该章节文本块中,[48],"[""shiprag_p048_00058""]",0.8
Chapter_第二章舟,Process_放样,第二章舟,Chapter,contains,包含,放样,Process,实体出现在该章节文本块中,"[52, 53, 60, 63]","[""shiprag_p052_00064"", ""shiprag_p053_00065"", ""shiprag_p060_00074"", ""shiprag_p063_00077""]",0.8
Chapter_第二章舟,ProcessObject_放样间,第二章舟,Chapter,contains,包含,放样间,ProcessObject,实体出现在该章节文本块中,[33],"[""shiprag_p033_00041""]",0.8
Chapter_第二章舟,Process_数学放样,第二章舟,Chapter,contains,包含,数学放样,Process,实体出现在该章节文本块中,[34],"[""shiprag_p034_00042""]",0.8
Chapter_第二章舟,ProcessObject_斜剖线,第二章舟,Chapter,contains,包含,斜剖线,ProcessObject,实体出现在该章节文本块中,"[44, 47]","[""shiprag_p044_00054"", ""shiprag_p047_00057""]",0.8
Chapter_第二章舟,Measurement_斜剖线,第二章舟,Chapter,contains,包含,斜剖线,Measurement,实体出现在该章节文本块中,[45],"[""shiprag_p045_00055""]",0.8
Chapter_第二章舟,Operation_斜剖线检验,第二章舟,Chapter,contains,包含,斜剖线检验,Operation,实体出现在该章节文本块中,[45],"[""shiprag_p045_00055""]",0.8
Chapter_第二章舟,Component_旁底纵桁,第二章舟,Chapter,contains,包含,旁底纵桁,Component,实体出现在该章节文本块中,[52],"[""shiprag_p052_00064""]",0.8
Chapter_第二章舟,ToolEquipment_木质三角样板,第二章舟,Chapter,contains,包含,木质三角样板,ToolEquipment,实体出现在该章节文本块中,[58],"[""shiprag_p058_00071""]",0.8
Chapter_第二章舟,ToolEquipment_木质样板,第二章舟,Chapter,contains,包含,木质样板,ToolEquipment,实体出现在该章节文本块中,[60],"[""shiprag_p060_00073""]",0.8
Chapter_第二章舟,Operation_板和横梁弯曲加工,第二章舟,Chapter,contains,包含,板和横梁弯曲加工,Operation,三元组尾实体出现在该章节,[38],"[""shiprag_p038_00048""]",0.8
Chapter_第二章舟,Process_板缝放样,第二章舟,Chapter,contains,包含,板缝放样,Process,实体出现在该章节文本块中,[55],"[""shiprag_p055_00068""]",0.8
Chapter_第二章舟,ToolEquipment_样条,第二章舟,Chapter,contains,包含,样条,ToolEquipment,实体出现在该章节文本块中,[48],"[""shiprag_p048_00059""]",0.8
Chapter_第二章舟,ToolEquipment_样板,第二章舟,Chapter,contains,包含,样板,ToolEquipment,实体出现在该章节文本块中,[33],"[""shiprag_p033_00041""]",0.8
Chapter_第二章舟,ToolEquipment_样棒,第二章舟,Chapter,contains,包含,样棒,ToolEquipment,实体出现在该章节文本块中,"[40, 51]","[""shiprag_p040_00050"", ""shiprag_p051_00062""]",0.8
Chapter_第二章舟,Measurement_格子线,第二章舟,Chapter,contains,包含,格子线,Measurement,实体出现在该章节文本块中,[36],"[""shiprag_p036_00044"", ""shiprag_p036_00045""]",0.8
Chapter_第二章舟,Measurement_梁拱曲线,第二章舟,Chapter,contains,包含,梁拱曲线,Measurement,实体出现在该章节文本块中,"[38, 39]","[""shiprag_p038_00048"", ""shiprag_p039_00049""]",0.8
Chapter_第二章舟,ProcessObject_梁拱曲线,第二章舟,Chapter,contains,包含,梁拱曲线,ProcessObject,实体出现在该章节文本块中,[47],"[""shiprag_p047_00057""]",0.8
Chapter_第二章舟,ToolEquipment_梁拱样板,第二章舟,Chapter,contains,包含,梁拱样板,ToolEquipment,实体出现在该章节文本块中,"[39, 47, 48]","[""shiprag_p039_00049"", ""shiprag_p047_00057"", ""shiprag_p048_00058""]",0.8
Chapter_第二章舟,Measurement_梁拱高度,第二章舟,Chapter,contains,包含,梁拱高度,Measurement,实体出现在该章节文本块中,[40],"[""shiprag_p040_00050""]",0.8
Chapter_第二章舟,ProcessObject_模板式及框架式胎架的样板及画线草图,第二章舟,Chapter,contains,包含,模板式及框架式胎架的样板及画线草图,ProcessObject,实体出现在该章节文本块中,[60],"[""shiprag_p060_00074""]",0.8
Chapter_第二章舟,ProcessObject_横剖线,第二章舟,Chapter,contains,包含,横剖线,ProcessObject,实体出现在该章节文本块中,"[41, 43, 44]","[""shiprag_p041_00051"", ""shiprag_p043_00053"", ""shiprag_p044_00054""]",0.8
Chapter_第二章舟,ProcessObject_横剖线图,第二章舟,Chapter,contains,包含,横剖线图,ProcessObject,三元组尾实体出现在该章节,"[36, 40, 41, 43]","[""shiprag_p036_00045"", ""shiprag_p040_00050"", ""shiprag_p041_00051"", ""shiprag_p043_00053""]",0.8
Chapter_第二章舟,Component_横向构件,第二章舟,Chapter,contains,包含,横向构件,Component,实体出现在该章节文本块中,[51],"[""shiprag_p051_00063""]",0.8
Chapter_第二章舟,Component_横杆,第二章舟,Chapter,contains,包含,横杆,Component,实体出现在该章节文本块中,[59],"[""shiprag_p059_00072""]",0.8
Chapter_第二章舟,Operation_横缝放样,第二章舟,Chapter,contains,包含,横缝放样,Operation,实体出现在该章节文本块中,[55],"[""shiprag_p055_00068""]",0.8
Chapter_第二章舟,Process_比例放样,第二章舟,Chapter,contains,包含,比例放样,Process,实体出现在该章节文本块中,[34],"[""shiprag_p034_00042""]",0.8
Chapter_第二章舟,Component_毗龙骨,第二章舟,Chapter,contains,包含,毗龙骨,Component,实体出现在该章节文本块中,[54],"[""shiprag_p054_00066""]",0.8
Chapter_第二章舟,ProcessObject_水线,第二章舟,Chapter,contains,包含,水线,ProcessObject,实体出现在该章节文本块中,[41],"[""shiprag_p041_00051""]",0.8
Chapter_第二章舟,ProcessObject_水线半宽图,第二章舟,Chapter,contains,包含,水线半宽图,ProcessObject,实体出现在该章节文本块中,[43],"[""shiprag_p043_00053""]",0.8
Chapter_第二章舟,ToolEquipment_活络样板,第二章舟,Chapter,contains,包含,活络样板,ToolEquipment,实体出现在该章节文本块中,"[58, 59, 60]","[""shiprag_p058_00071"", ""shiprag_p059_00072"", ""shiprag_p060_00073""]",0.8
Chapter_第二章舟,ToolEquipment_激光经纬仪,第二章舟,Chapter,contains,包含,激光经纬仪,ToolEquipment,实体出现在该章节文本块中,[36],"[""shiprag_p036_00044""]",0.8
Chapter_第二章舟,Operation_激光经纬仪法,第二章舟,Chapter,contains,包含,激光经纬仪法,Operation,实体出现在该章节文本块中,[35],"[""shiprag_p035_00043""]",0.8
Chapter_第二章舟,Operation_理论型线放样,第二章舟,Chapter,contains,包含,理论型线放样,Operation,实体出现在该章节文本块中,[33],"[""shiprag_p033_00040""]",0.8
Chapter_第二章舟,Process_理论型线放样,第二章舟,Chapter,contains,包含,理论型线放样,Process,实体出现在该章节文本块中,"[38, 45]","[""shiprag_p038_00047"", ""shiprag_p045_00055""]",0.8
Chapter_第二章舟,Measurement_理论线,第二章舟,Chapter,contains,包含,理论线,Measurement,实体出现在该章节文本块中,[51],"[""shiprag_p051_00063""]",0.8
Chapter_第二章舟,Component_甲板,第二章舟,Chapter,contains,包含,甲板,Component,实体出现在该章节文本块中,"[56, 57]","[""shiprag_p056_00069"", ""shiprag_p057_00070""]",0.8
Chapter_第二章舟,ProcessObject_甲板中线,第二章舟,Chapter,contains,包含,甲板中线,ProcessObject,实体出现在该章节文本块中,[40],"[""shiprag_p040_00050""]",0.8
Chapter_第二章舟,Measurement_甲板中线,第二章舟,Chapter,contains,包含,甲板中线,Measurement,实体出现在该章节文本块中,[39],"[""shiprag_p039_00049""]",0.8
Chapter_第二章舟,ProcessObject_甲板中线高度样棒,第二章舟,Chapter,contains,包含,甲板中线高度样棒,ProcessObject,实体出现在该章节文本块中,[48],"[""shiprag_p048_00058""]",0.8
Chapter_第二章舟,Measurement_甲板梁拱,第二章舟,Chapter,contains,包含,甲板梁拱,Measurement,实体出现在该章节文本块中,[38],"[""shiprag_p038_00048""]",0.8
Chapter_第二章舟,Component_甲板线,第二章舟,Chapter,contains,包含,甲板线,Component,实体出现在该章节文本块中,[38],"[""shiprag_p038_00047""]",0.8
Chapter_第二章舟,ProcessObject_甲板边线,第二章舟,Chapter,contains,包含,甲板边线,ProcessObject,实体出现在该章节文本块中,[40],"[""shiprag_p040_00050""]",0.8
Chapter_第二章舟,Measurement_甲板边线,第二章舟,Chapter,contains,包含,甲板边线,Measurement,实体出现在该章节文本块中,[39],"[""shiprag_p039_00049""]",0.8
Chapter_第二章舟,Component_甲板边线,第二章舟,Chapter,contains,包含,甲板边线,Component,实体出现在该章节文本块中,[63],"[""shiprag_p063_00077""]",0.8
Chapter_第二章舟,Operation_画线,第二章舟,Chapter,contains,包含,画线,Operation,三元组尾实体出现在该章节,[39],"[""shiprag_p039_00049""]",0.8
Chapter_第二章舟,ToolEquipment_磁铁,第二章舟,Chapter,contains,包含,磁铁,ToolEquipment,实体出现在该章节文本块中,[60],"[""shiprag_p060_00073""]",0.8
Chapter_第二章舟,Component_立杆,第二章舟,Chapter,contains,包含,立杆,Component,实体出现在该章节文本块中,[59],"[""shiprag_p059_00072""]",0.8
Chapter_第二章舟,Measurement_站线,第二章舟,Chapter,contains,包含,站线,Measurement,实体出现在该章节文本块中,[36],"[""shiprag_p036_00044""]",0.8
Chapter_第二章舟,ProcessObject_纵剖线,第二章舟,Chapter,contains,包含,纵剖线,ProcessObject,实体出现在该章节文本块中,"[41, 43, 44]","[""shiprag_p041_00051"", ""shiprag_p043_00053"", ""shiprag_p044_00054""]",0.8
Chapter_第二章舟,ProcessObject_纵剖线图,第二章舟,Chapter,contains,包含,纵剖线图,ProcessObject,实体出现在该章节文本块中,"[40, 41, 43, 46]","[""shiprag_p040_00050"", ""shiprag_p041_00051"", ""shiprag_p043_00053"", ""shiprag_p046_00056""]",0.8
Chapter_第二章舟,Measurement_纵剖线图格子线,第二章舟,Chapter,contains,包含,纵剖线图格子线,Measurement,实体出现在该章节文本块中,[36],"[""shiprag_p036_00044""]",0.8
Chapter_第二章舟,Component_纵向构件,第二章舟,Chapter,contains,包含,纵向构件,Component,实体出现在该章节文本块中,[51],"[""shiprag_p051_00063""]",0.8
Chapter_第二章舟,Component_纵桁,第二章舟,Chapter,contains,包含,纵桁,Component,实体出现在该章节文本块中,[57],"[""shiprag_p057_00070""]",0.8
Chapter_第二章舟,Operation_纵缝放样,第二章舟,Chapter,contains,包含,纵缝放样,Operation,实体出现在该章节文本块中,[55],"[""shiprag_p055_00068""]",0.8
Chapter_第二章舟,Measurement_线段长度,第二章舟,Chapter,contains,包含,线段长度,Measurement,实体出现在该章节文本块中,[48],"[""shiprag_p048_00059""]",0.8
Chapter_第二章舟,ToolEquipment_线锤,第二章舟,Chapter,contains,包含,线锤,ToolEquipment,实体出现在该章节文本块中,[35],"[""shiprag_p035_00043""]",0.8
Chapter_第二章舟,Measurement_结构线,第二章舟,Chapter,contains,包含,结构线,Measurement,三元组尾实体出现在该章节,[51],"[""shiprag_p051_00063""]",0.8
Chapter_第二章舟,Operation_结构线放样,第二章舟,Chapter,contains,包含,结构线放样,Operation,实体出现在该章节文本块中,[33],"[""shiprag_p033_00040""]",0.8
Chapter_第二章舟,Process_结构线放样,第二章舟,Chapter,contains,包含,结构线放样,Process,实体出现在该章节文本块中,[51],"[""shiprag_p051_00063""]",0.8
Chapter_第二章舟,Component_肋板,第二章舟,Chapter,contains,包含,肋板,Component,三元组尾实体出现在该章节,[54],"[""shiprag_p054_00066""]",0.8
Chapter_第二章舟,Process_肋板放样,第二章舟,Chapter,contains,包含,肋板放样,Process,实体出现在该章节文本块中,[54],"[""shiprag_p054_00066""]",0.8
Chapter_第二章舟,Measurement_肋距,第二章舟,Chapter,contains,包含,肋距,Measurement,实体出现在该章节文本块中,[55],"[""shiprag_p055_00068""]",0.8
Chapter_第二章舟,Component_肋骨,第二章舟,Chapter,contains,包含,肋骨,Component,三元组尾实体出现在该章节,[60],"[""shiprag_p060_00073""]",0.8
Chapter_第二章舟,ProcessObject_肋骨型值样棒,第二章舟,Chapter,contains,包含,肋骨型值样棒,ProcessObject,实体出现在该章节文本块中,[46],"[""shiprag_p046_00056""]",0.8
Chapter_第二章舟,ProcessObject_肋骨型值表,第二章舟,Chapter,contains,包含,肋骨型值表,ProcessObject,实体出现在该章节文本块中,[46],"[""shiprag_p046_00056""]",0.8
Chapter_第二章舟,ProcessObject_肋骨型线,第二章舟,Chapter,contains,包含,肋骨型线,ProcessObject,三元组尾实体出现在该章节,"[47, 60]","[""shiprag_p047_00057"", ""shiprag_p060_00073""]",0.8
Chapter_第二章舟,Measurement_肋骨型线,第二章舟,Chapter,contains,包含,肋骨型线,Measurement,实体出现在该章节文本块中,[48],"[""shiprag_p048_00058""]",0.8
Chapter_第二章舟,Component_肋骨型线,第二章舟,Chapter,contains,包含,肋骨型线,Component,实体出现在该章节文本块中,[63],"[""shiprag_p063_00077""]",0.8
Chapter_第二章舟,ProcessObject_肋骨型线图,第二章舟,Chapter,contains,包含,肋骨型线图,ProcessObject,实体出现在该章节文本块中,"[45, 51, 55]","[""shiprag_p045_00055"", ""shiprag_p051_00062"", ""shiprag_p051_00063"", ""shiprag_p055_00068""]",0.8
Chapter_第二章舟,Measurement_肋骨型线图,第二章舟,Chapter,contains,包含,肋骨型线图,Measurement,实体出现在该章节文本块中,[33],"[""shiprag_p033_00041""]",0.8
Chapter_第二章舟,Operation_肋骨型线放样,第二章舟,Chapter,contains,包含,肋骨型线放样,Operation,实体出现在该章节文本块中,[33],"[""shiprag_p033_00040""]",0.8
Chapter_第二章舟,Process_肋骨型线放样,第二章舟,Chapter,contains,包含,肋骨型线放样,Process,实体出现在该章节文本块中,[45],"[""shiprag_p045_00055""]",0.8
Chapter_第二章舟,Operation_肋骨型线检验,第二章舟,Chapter,contains,包含,肋骨型线检验,Operation,实体出现在该章节文本块中,[47],"[""shiprag_p047_00057""]",0.8
Chapter_第二章舟,ProcessObject_肋骨线,第二章舟,Chapter,contains,包含,肋骨线,ProcessObject,实体出现在该章节文本块中,[46],"[""shiprag_p046_00056""]",0.8
Chapter_第二章舟,Measurement_肋骨间距,第二章舟,Chapter,contains,包含,肋骨间距,Measurement,实体出现在该章节文本块中,[62],"[""shiprag_p062_00076""]",0.8
Chapter_第二章舟,Component_肘板,第二章舟,Chapter,contains,包含,肘板,Component,三元组尾实体出现在该章节,[54],"[""shiprag_p054_00066""]",0.8
Chapter_第二章舟,Process_肘板放样,第二章舟,Chapter,contains,包含,肘板放样,Process,实体出现在该章节文本块中,[54],"[""shiprag_p054_00066""]",0.8
Chapter_第二章舟,Component_舭部,第二章舟,Chapter,contains,包含,舭部,Component,实体出现在该章节文本块中,[53],"[""shiprag_p053_00065""]",0.8
Chapter_第二章舟,Component_舱壁,第二章舟,Chapter,contains,包含,舱壁,Component,实体出现在该章节文本块中,[57],"[""shiprag_p057_00070""]",0.8
Chapter_第二章舟,Component_舷侧顶板,第二章舟,Chapter,contains,包含,舷侧顶板,Component,实体出现在该章节文本块中,[54],"[""shiprag_p054_00067""]",0.8
Chapter_第二章舟,Component_舷列板,第二章舟,Chapter,contains,包含,舷列板,Component,实体出现在该章节文本块中,[54],"[""shiprag_p054_00067""]",0.8
Chapter_第二章舟,Parameter_舷弧半径,第二章舟,Chapter,contains,包含,舷弧半径,Parameter,实体出现在该章节文本块中,[39],"[""shiprag_p039_00049""]",0.8
Chapter_第二章舟,ProcessObject_船中,第二章舟,Chapter,contains,包含,船中,ProcessObject,实体出现在该章节文本块中,[38],"[""shiprag_p038_00048""]",0.8
Chapter_第二章舟,ProcessObject_船体,第二章舟,Chapter,contains,包含,船体,ProcessObject,三元组尾实体出现在该章节,[45],"[""shiprag_p045_00055""]",0.8
Chapter_第二章舟,ProcessObject_船体型表面,第二章舟,Chapter,contains,包含,船体型表面,ProcessObject,实体出现在该章节文本块中,"[44, 62]","[""shiprag_p044_00054"", ""shiprag_p062_00076""]",0.8
Chapter_第二章舟,Process_船体放样,第二章舟,Chapter,contains,包含,船体放样,Process,实体出现在该章节文本块中,"[33, 56]","[""shiprag_p033_00040"", ""shiprag_p033_00041"", ""shiprag_p056_00069""]",0.8
Chapter_第二章舟,Measurement_船台和船坞中基准线的画线数据,第二章舟,Chapter,contains,包含,船台和船坞中基准线的画线数据,Measurement,实体出现在该章节文本块中,[60],"[""shiprag_p060_00074""]",0.8
Chapter_第二章舟,ProcessObject_船舶,第二章舟,Chapter,contains,包含,船舶,ProcessObject,实体出现在该章节文本块中,[53],"[""shiprag_p053_00065""]",0.8
Chapter_第二章舟,Measurement_草图,第二章舟,Chapter,contains,包含,草图,Measurement,实体出现在该章节文本块中,[33],"[""shiprag_p033_00041""]",0.8
Chapter_第二章舟,Process_装配,第二章舟,Chapter,contains,包含,装配,Process,三元组尾实体出现在该章节,[56],"[""shiprag_p056_00069""]",0.8
Chapter_第二章舟,Operation_装配,第二章舟,Chapter,contains,包含,装配,Operation,三元组尾实体出现在该章节,[63],"[""shiprag_p063_00077""]",0.8
Chapter_第二章舟,Operation_角尺法,第二章舟,Chapter,contains,包含,角尺法,Operation,实体出现在该章节文本块中,[35],"[""shiprag_p035_00043""]",0.8
Chapter_第二章舟,ToolEquipment_计算机,第二章舟,Chapter,contains,包含,计算机,ToolEquipment,实体出现在该章节文本块中,[34],"[""shiprag_p034_00042""]",0.8
Chapter_第二章舟,Parameter_计算法,第二章舟,Chapter,contains,包含,计算法,Parameter,实体出现在该章节文本块中,[38],"[""shiprag_p038_00048""]",0.8
Chapter_第二章舟,Operation_设置肋骨线,第二章舟,Chapter,contains,包含,设置肋骨线,Operation,三元组头实体出现在该章节,[46],"[""shiprag_p046_00056""]",0.8
Chapter_第二章舟,Component_轴包板,第二章舟,Chapter,contains,包含,轴包板,Component,三元组尾实体出现在该章节,[51],"[""shiprag_p051_00062""]",0.8
Chapter_第二章舟,Measurement_轴壳半径曲线,第二章舟,Chapter,contains,包含,轴壳半径曲线,Measurement,实体出现在该章节文本块中,[51],"[""shiprag_p051_00062""]",0.8
Chapter_第二章舟,Measurement_轴壳圆弧,第二章舟,Chapter,contains,包含,轴壳圆弧,Measurement,实体出现在该章节文本块中,[48],"[""shiprag_p048_00058""]",0.8
Chapter_第二章舟,Measurement_轴心点0,第二章舟,Chapter,contains,包含,轴心点0,Measurement,实体出现在该章节文本块中,[51],"[""shiprag_p051_00062""]",0.8
Chapter_第二章舟,ProcessObject_逆直线,第二章舟,Chapter,contains,包含,逆直线,ProcessObject,实体出现在该章节文本块中,"[60, 63]","[""shiprag_p060_00073"", ""shiprag_p063_00077""]",0.8
Chapter_第二章舟,Operation_逆直线,第二章舟,Chapter,contains,包含,逆直线,Operation,实体出现在该章节文本块中,[62],"[""shiprag_p062_00076""]",0.8
Chapter_第二章舟,ProcessObject_通用支柱式胎架的草图及数据,第二章舟,Chapter,contains,包含,通用支柱式胎架的草图及数据,ProcessObject,实体出现在该章节文本块中,[60],"[""shiprag_p060_00074""]",0.8
Chapter_第二章舟,Material_钢丝,第二章舟,Chapter,contains,包含,钢丝,Material,实体出现在该章节文本块中,[35],"[""shiprag_p035_00043""]",0.8
Chapter_第二章舟,ToolEquipment_钢卷尺,第二章舟,Chapter,contains,包含,钢卷尺,ToolEquipment,实体出现在该章节文本块中,[38],"[""shiprag_p038_00047""]",0.8
Chapter_第二章舟,ToolEquipment_钢盘尺,第二章舟,Chapter,contains,包含,钢盘尺,ToolEquipment,实体出现在该章节文本块中,"[36, 46]","[""shiprag_p036_00044"", ""shiprag_p046_00056""]",0.8
Chapter_第二章舟,Component_龙骨底板,第二章舟,Chapter,contains,包含,龙骨底板,Component,实体出现在该章节文本块中,[54],"[""shiprag_p054_00067""]",0.8
Chapter_第二章舟,Component_龙骨翼板,第二章舟,Chapter,contains,包含,龙骨翼板,Component,实体出现在该章节文本块中,[54],"[""shiprag_p054_00067""]",0.8
Chapter_第五章,Component_K行板,第五章,Chapter,contains,包含,K行板,Component,实体出现在该章节文本块中,"[136, 137]","[""shiprag_p136_00156"", ""shiprag_p137_00157""]",0.8
Chapter_第五章,Component_上甲板,第五章,Chapter,contains,包含,上甲板,Component,三元组尾实体出现在该章节,[144],"[""shiprag_p144_00165""]",0.8
Chapter_第五章,ToolEquipment_专用胎架,第五章,Chapter,contains,包含,专用胎架,ToolEquipment,实体出现在该章节文本块中,[123],"[""shiprag_p123_00141""]",0.8
Chapter_第五章,Measurement_中心线,第五章,Chapter,contains,包含,中心线,Measurement,实体出现在该章节文本块中,"[130, 139]","[""shiprag_p130_00148"", ""shiprag_p139_00159""]",0.8
Chapter_第五章,Component_中桁材,第五章,Chapter,contains,包含,中桁材,Component,实体出现在该章节文本块中,[140],"[""shiprag_p140_00160""]",0.8
Chapter_第五章,Operation_中组立,第五章,Chapter,contains,包含,中组立,Operation,实体出现在该章节文本块中,[117],"[""shiprag_p117_00135""]",0.8
Chapter_第五章,Measurement_中间肋骨基准线,第五章,Chapter,contains,包含,中间肋骨基准线,Measurement,实体出现在该章节文本块中,[121],"[""shiprag_p121_00139""]",0.8
Chapter_第五章,Measurement_中间肋骨线,第五章,Chapter,contains,包含,中间肋骨线,Measurement,实体出现在该章节文本块中,"[129, 130]","[""shiprag_p129_00147"", ""shiprag_p130_00148""]",0.8
Chapter_第五章,ProcessObject_侧分段,第五章,Chapter,contains,包含,侧分段,ProcessObject,实体出现在该章节文本块中,[132],"[""shiprag_p132_00150""]",0.8
Chapter_第五章,Component_侧纵桁,第五章,Chapter,contains,包含,侧纵桁,Component,实体出现在该章节文本块中,"[140, 141]","[""shiprag_p140_00160"", ""shiprag_p141_00161""]",0.8
Chapter_第五章,Process_侧装,第五章,Chapter,contains,包含,侧装,Process,实体出现在该章节文本块中,[114],"[""shiprag_p114_00131""]",0.8
Chapter_第五章,Operation_倒装,第五章,Chapter,contains,包含,倒装,Operation,实体出现在该章节文本块中,[112],"[""shiprag_p112_00129""]",0.8
Chapter_第五章,Component_内底板,第五章,Chapter,contains,包含,内底板,Component,实体出现在该章节文本块中,"[125, 128, 132, 133]","[""shiprag_p125_00143"", ""shiprag_p128_00146"", ""shiprag_p132_00150"", ""shiprag_p133_00151""]",0.8
Chapter_第五章,Component_内底纵骨,第五章,Chapter,contains,包含,内底纵骨,Component,实体出现在该章节文本块中,"[126, 133]","[""shiprag_p126_00144"", ""shiprag_p133_00151""]",0.8
Chapter_第五章,Measurement_冲势,第五章,Chapter,contains,包含,冲势,Measurement,实体出现在该章节文本块中,[130],"[""shiprag_p130_00148""]",0.8
Chapter_第五章,ProcessObject_分段,第五章,Chapter,contains,包含,分段,ProcessObject,实体出现在该章节文本块中,"[112, 114, 116, 122, 123, 124, 127, 136, 141, 148]","[""shiprag_p112_00129"", ""shiprag_p114_00131"", ""shiprag_p116_00133"", ""shiprag_p116_00134"", ""shiprag_p122_00140"", ""shiprag_p123_00141"", ""shiprag_p124_00142"", ""shiprag_p127_00145"", ""shiprag_p136_00155"", ""shiprag_p141_00162"", ""shiprag_p148_00170""]",0.8
Chapter_第五章,Measurement_分段中心线,第五章,Chapter,contains,包含,分段中心线,Measurement,实体出现在该章节文本块中,"[127, 129]","[""shiprag_p127_00145"", ""shiprag_p129_00147""]",0.8
Chapter_第五章,Process_分段制造,第五章,Chapter,contains,包含,分段制造,Process,实体出现在该章节文本块中,[144],"[""shiprag_p144_00165""]",0.8
Chapter_第五章,StandardSafety_分段制造精度标准,第五章,Chapter,contains,包含,分段制造精度标准,StandardSafety,实体出现在该章节文本块中,[144],"[""shiprag_p144_00165""]",0.8
Chapter_第五章,Operation_分段完工测量,第五章,Chapter,contains,包含,分段完工测量,Operation,实体出现在该章节文本块中,[122],"[""shiprag_p122_00140""]",0.8
Chapter_第五章,Measurement_分段宽度B,第五章,Chapter,contains,包含,分段宽度B,Measurement,实体出现在该章节文本块中,[147],"[""shiprag_p147_00169""]",0.8
Chapter_第五章,Parameter_分段尺度,第五章,Chapter,contains,包含,分段尺度,Parameter,实体出现在该章节文本块中,[146],"[""shiprag_p146_00167""]",0.8
Chapter_第五章,ProcessObject_分段工作图,第五章,Chapter,contains,包含,分段工作图,ProcessObject,实体出现在该章节文本块中,[116],"[""shiprag_p116_00133""]",0.8
Chapter_第五章,Defect_分段弯曲变形,第五章,Chapter,contains,包含,分段弯曲变形,Defect,实体出现在该章节文本块中,[146],"[""shiprag_p146_00167""]",0.8
Chapter_第五章,Process_分段总装,第五章,Chapter,contains,包含,分段总装,Process,实体出现在该章节文本块中,[133],"[""shiprag_p133_00152""]",0.8
Chapter_第五章,ProcessObject_分段明细表,第五章,Chapter,contains,包含,分段明细表,ProcessObject,实体出现在该章节文本块中,[120],"[""shiprag_p120_00138""]",0.8
Chapter_第五章,Operation_分段板定位,第五章,Chapter,contains,包含,分段板定位,Operation,三元组尾实体出现在该章节,[129],"[""shiprag_p129_00147""]",0.8
Chapter_第五章,Defect_分段横向的上趣变形,第五章,Chapter,contains,包含,分段横向的上趣变形,Defect,实体出现在该章节文本块中,[146],"[""shiprag_p146_00168""]",0.8
Chapter_第五章,Defect_分段的下塌变形,第五章,Chapter,contains,包含,分段的下塌变形,Defect,实体出现在该章节文本块中,[146],"[""shiprag_p146_00168""]",0.8
Chapter_第五章,ProcessObject_分段组立树,第五章,Chapter,contains,包含,分段组立树,ProcessObject,实体出现在该章节文本块中,[116],"[""shiprag_p116_00134""]",0.8
Chapter_第五章,Process_分段装配,第五章,Chapter,contains,包含,分段装配,Process,实体出现在该章节文本块中,"[112, 116, 120]","[""shiprag_p112_00129"", ""shiprag_p116_00133"", ""shiprag_p120_00138""]",0.8
Chapter_第五章,Process_分段装配中的质量控制措施,第五章,Chapter,contains,包含,分段装配中的质量控制措施,Process,实体出现在该章节文本块中,[146],"[""shiprag_p146_00167""]",0.8
Chapter_第五章,Process_分段装配前的质量控制措施,第五章,Chapter,contains,包含,分段装配前的质量控制措施,Process,实体出现在该章节文本块中,[146],"[""shiprag_p146_00167""]",0.8
Chapter_第五章,Parameter_分段装配相关数据,第五章,Chapter,contains,包含,分段装配相关数据,Parameter,实体出现在该章节文本块中,[120],"[""shiprag_p120_00138""]",0.8
Chapter_第五章,Measurement_分段长度L,第五章,Chapter,contains,包含,分段长度L,Measurement,实体出现在该章节文本块中,[147],"[""shiprag_p147_00169""]",0.8
Chapter_第五章,Measurement_分段高度H,第五章,Chapter,contains,包含,分段高度H,Measurement,实体出现在该章节文本块中,[147],"[""shiprag_p147_00169""]",0.8
Chapter_第五章,Process_分离式装配,第五章,Chapter,contains,包含,分离式装配,Process,实体出现在该章节文本块中,"[114, 115]","[""shiprag_p114_00131"", ""shiprag_p115_00132""]",0.8
Chapter_第五章,Operation_刚性固定,第五章,Chapter,contains,包含,刚性固定,Operation,实体出现在该章节文本块中,[148],"[""shiprag_p148_00170""]",0.8
Chapter_第五章,Component_前后横舱壁,第五章,Chapter,contains,包含,前后横舱壁,Component,实体出现在该章节文本块中,[140],"[""shiprag_p140_00160""]",0.8
Chapter_第五章,Measurement_十字线,第五章,Chapter,contains,包含,十字线,Measurement,实体出现在该章节文本块中,"[120, 122]","[""shiprag_p120_00138"", ""shiprag_p122_00140""]",0.8
Chapter_第五章,ToolEquipment_千斤顶,第五章,Chapter,contains,包含,千斤顶,ToolEquipment,实体出现在该章节文本块中,[137],"[""shiprag_p137_00157""]",0.8
Chapter_第五章,ProcessObject_半立体分段,第五章,Chapter,contains,包含,半立体分段,ProcessObject,实体出现在该章节文本块中,[113],"[""shiprag_p113_00130""]",0.8
Chapter_第五章,ProcessObject_单斜切基面,第五章,Chapter,contains,包含,单斜切基面,ProcessObject,实体出现在该章节文本块中,[124],"[""shiprag_p124_00142""]",0.8
Chapter_第五章,Process_卧装,第五章,Chapter,contains,包含,卧装,Process,实体出现在该章节文本块中,[114],"[""shiprag_p114_00131""]",0.8
Chapter_第五章,ProcessObject_双层底分段,第五章,Chapter,contains,包含,双层底分段,ProcessObject,实体出现在该章节文本块中,"[116, 117, 120, 122, 125, 128, 147]","[""shiprag_p116_00134"", ""shiprag_p117_00135"", ""shiprag_p120_00138"", ""shiprag_p122_00140"", ""shiprag_p125_00143"", ""shiprag_p128_00146"", ""shiprag_p147_00169""]",0.8
Chapter_第五章,Process_双层底分段反装,第五章,Chapter,contains,包含,双层底分段反装,Process,实体出现在该章节文本块中,[116],"[""shiprag_p116_00133""]",0.8
Chapter_第五章,ProcessObject_双斜切基面,第五章,Chapter,contains,包含,双斜切基面,ProcessObject,实体出现在该章节文本块中,[124],"[""shiprag_p124_00142""]",0.8
Chapter_第五章,ToolEquipment_双斜切胎架,第五章,Chapter,contains,包含,双斜切胎架,ToolEquipment,实体出现在该章节文本块中,"[128, 130, 131]","[""shiprag_p128_00146"", ""shiprag_p130_00148"", ""shiprag_p131_00149""]",0.8
Chapter_第五章,Process_双斜切胎架上横向骨架的装配,第五章,Chapter,contains,包含,双斜切胎架上横向骨架的装配,Process,三元组尾实体出现在该章节,[131],"[""shiprag_p131_00149""]",0.8
Chapter_第五章,Measurement_反变形值,第五章,Chapter,contains,包含,反变形值,Measurement,实体出现在该章节文本块中,[147],"[""shiprag_p147_00169""]",0.8
Chapter_第五章,Operation_反装,第五章,Chapter,contains,包含,反装,Operation,实体出现在该章节文本块中,[113],"[""shiprag_p113_00130""]",0.8
Chapter_第五章,Process_反造,第五章,Chapter,contains,包含,反造,Process,实体出现在该章节文本块中,[146],"[""shiprag_p146_00168""]",0.8
Chapter_第五章,Operation_吊装K行板,第五章,Chapter,contains,包含,吊装K行板,Operation,三元组尾实体出现在该章节,[136],"[""shiprag_p136_00156""]",0.8
Chapter_第五章,Component_垂直加强板,第五章,Chapter,contains,包含,垂直加强板,Component,实体出现在该章节文本块中,[141],"[""shiprag_p141_00162""]",0.8
Chapter_第五章,Measurement_垂直度,第五章,Chapter,contains,包含,垂直度,Measurement,实体出现在该章节文本块中,"[126, 136, 139]","[""shiprag_p126_00144"", ""shiprag_p136_00155"", ""shiprag_p139_00159""]",0.8
Chapter_第五章,ToolEquipment_型钢式空心平台,第五章,Chapter,contains,包含,型钢式空心平台,ToolEquipment,实体出现在该章节文本块中,[125],"[""shiprag_p125_00143""]",0.8
Chapter_第五章,Component_外底纵骨,第五章,Chapter,contains,包含,外底纵骨,Component,实体出现在该章节文本块中,[133],"[""shiprag_p133_00151""]",0.8
Chapter_第五章,Component_外板,第五章,Chapter,contains,包含,外板,Component,实体出现在该章节文本块中,"[127, 132, 133, 134, 138]","[""shiprag_p127_00145"", ""shiprag_p132_00150"", ""shiprag_p133_00151"", ""shiprag_p134_00153"", ""shiprag_p138_00158""]",0.8
Chapter_第五章,Process_外板散装式,第五章,Chapter,contains,包含,外板散装式,Process,实体出现在该章节文本块中,[116],"[""shiprag_p116_00133""]",0.8
Chapter_第五章,ProcessObject_大型船舶平面型分段装配,第五章,Chapter,contains,包含,大型船舶平面型分段装配,ProcessObject,三元组尾实体出现在该章节,[115],"[""shiprag_p115_00132""]",0.8
Chapter_第五章,Operation_大组立,第五章,Chapter,contains,包含,大组立,Operation,实体出现在该章节文本块中,[117],"[""shiprag_p117_00135""]",0.8
Chapter_第五章,ProcessObject_子分段,第五章,Chapter,contains,包含,子分段,ProcessObject,实体出现在该章节文本块中,"[116, 133]","[""shiprag_p116_00133"", ""shiprag_p133_00152""]",0.8
Chapter_第五章,Process_子分段装配,第五章,Chapter,contains,包含,子分段装配,Process,实体出现在该章节文本块中,[116],"[""shiprag_p116_00133""]",0.8
Chapter_第五章,Process_子分段装配法,第五章,Chapter,contains,包含,子分段装配法,Process,实体出现在该章节文本块中,[133],"[""shiprag_p133_00151""]",0.8
Chapter_第五章,Operation_定位,第五章,Chapter,contains,包含,定位,Operation,三元组头实体出现在该章节,[126],"[""shiprag_p126_00144""]",0.8
Chapter_第五章,Operation_对准胎架基面上的中心线,第五章,Chapter,contains,包含,对准胎架基面上的中心线,Operation,三元组尾实体出现在该章节,[129],"[""shiprag_p129_00147""]",0.8
Chapter_第五章,Measurement_对合基准线,第五章,Chapter,contains,包含,对合基准线,Measurement,实体出现在该章节文本块中,[143],"[""shiprag_p143_00164""]",0.8
Chapter_第五章,Operation_小组立,第五章,Chapter,contains,包含,小组立,Operation,实体出现在该章节文本块中,[117],"[""shiprag_p117_00135""]",0.8
Chapter_第五章,Component_尖舱平台,第五章,Chapter,contains,包含,尖舱平台,Component,实体出现在该章节文本块中,[141],"[""shiprag_p141_00162""]",0.8
Chapter_第五章,Process_尺寸补偿系统,第五章,Chapter,contains,包含,尺寸补偿系统,Process,实体出现在该章节文本块中,[146],"[""shiprag_p146_00167""]",0.8
Chapter_第五章,Component_尾段K行板,第五章,Chapter,contains,包含,尾段K行板,Component,实体出现在该章节文本块中,[136],"[""shiprag_p136_00156""]",0.8
Chapter_第五章,Defect_局部变形,第五章,Chapter,contains,包含,局部变形,Defect,实体出现在该章节文本块中,[148],"[""shiprag_p148_00170""]",0.8
Chapter_第五章,ProcessObject_层底分段,第五章,Chapter,contains,包含,层底分段,ProcessObject,实体出现在该章节文本块中,[146],"[""shiprag_p146_00168""]",0.8
Chapter_第五章,ProcessObject_平台板,第五章,Chapter,contains,包含,平台板,ProcessObject,实体出现在该章节文本块中,[139],"[""shiprag_p139_00159""]",0.8
Chapter_第五章,ProcessObject_平面直边分段,第五章,Chapter,contains,包含,平面直边分段,ProcessObject,实体出现在该章节文本块中,[112],"[""shiprag_p112_00129""]",0.8
Chapter_第五章,Defect_应力集中,第五章,Chapter,contains,包含,应力集中,Defect,三元组头实体出现在该章节,[126],"[""shiprag_p126_00144""]",0.8
Chapter_第五章,ProcessObject_底边舱分段,第五章,Chapter,contains,包含,底边舱分段,ProcessObject,实体出现在该章节文本块中,[132],"[""shiprag_p132_00150""]",0.8
Chapter_第五章,Component_底部,第五章,Chapter,contains,包含,底部,Component,三元组尾实体出现在该章节,[113],"[""shiprag_p113_00130""]",0.8
Chapter_第五章,Component_强肋骨,第五章,Chapter,contains,包含,强肋骨,Component,实体出现在该章节文本块中,[131],"[""shiprag_p131_00149""]",0.8
Chapter_第五章,Component_托板,第五章,Chapter,contains,包含,托板,Component,实体出现在该章节文本块中,[143],"[""shiprag_p143_00164""]",0.8
Chapter_第五章,ToolEquipment_拉线架,第五章,Chapter,contains,包含,拉线架,ToolEquipment,实体出现在该章节文本块中,"[129, 130]","[""shiprag_p129_00147"", ""shiprag_p130_00148""]",0.8
Chapter_第五章,Operation_拉线法,第五章,Chapter,contains,包含,拉线法,Operation,三元组头实体出现在该章节,[130],"[""shiprag_p130_00148""]",0.8
Chapter_第五章,Component_挡板,第五章,Chapter,contains,包含,挡板,Component,实体出现在该章节文本块中,[143],"[""shiprag_p143_00164""]",0.8
Chapter_第五章,Component_挡水板,第五章,Chapter,contains,包含,挡水板,Component,实体出现在该章节文本块中,[141],"[""shiprag_p141_00162""]",0.8
Chapter_第五章,Process_插入式装配,第五章,Chapter,contains,包含,插入式装配,Process,实体出现在该章节文本块中,"[114, 115]","[""shiprag_p114_00131"", ""shiprag_p115_00132""]",0.8
Chapter_第五章,Operation_插入式装配,第五章,Chapter,contains,包含,插入式装配,Operation,实体出现在该章节文本块中,[126],"[""shiprag_p126_00144""]",0.8
Chapter_第五章,Component_支柱,第五章,Chapter,contains,包含,支柱,Component,三元组尾实体出现在该章节,[125],"[""shiprag_p125_00143""]",0.8
Chapter_第五章,ProcessObject_支柱式胎架,第五章,Chapter,contains,包含,支柱式胎架,ProcessObject,实体出现在该章节文本块中,[125],"[""shiprag_p125_00143""]",0.8
Chapter_第五章,ToolEquipment_支柱式胎架,第五章,Chapter,contains,包含,支柱式胎架,ToolEquipment,实体出现在该章节文本块中,[129],"[""shiprag_p129_00147""]",0.8
Chapter_第五章,ToolEquipment_支柱式通用胎架,第五章,Chapter,contains,包含,支柱式通用胎架,ToolEquipment,实体出现在该章节文本块中,[123],"[""shiprag_p123_00141""]",0.8
Chapter_第五章,Measurement_支柱高度值,第五章,Chapter,contains,包含,支柱高度值,Measurement,三元组尾实体出现在该章节,[125],"[""shiprag_p125_00143""]",0.8
Chapter_第五章,Process_放射式装配,第五章,Chapter,contains,包含,放射式装配,Process,实体出现在该章节文本块中,[114],"[""shiprag_p114_00131""]",0.8
Chapter_第五章,Process_散装分段外板,第五章,Chapter,contains,包含,散装分段外板,Process,实体出现在该章节文本块中,[141],"[""shiprag_p141_00161""]",0.8
Chapter_第五章,Operation_散装外板,第五章,Chapter,contains,包含,散装外板,Operation,实体出现在该章节文本块中,[143],"[""shiprag_p143_00164""]",0.8
Chapter_第五章,Component_斜底,第五章,Chapter,contains,包含,斜底,Component,实体出现在该章节文本块中,[133],"[""shiprag_p133_00152""]",0.8
Chapter_第五章,Component_斜底板,第五章,Chapter,contains,包含,斜底板,Component,实体出现在该章节文本块中,[134],"[""shiprag_p134_00153""]",0.8
Chapter_第五章,ProcessObject_曲面分段,第五章,Chapter,contains,包含,曲面分段,ProcessObject,实体出现在该章节文本块中,[112],"[""shiprag_p112_00129""]",0.8
Chapter_第五章,ToolEquipment_松紧螺丝,第五章,Chapter,contains,包含,松紧螺丝,ToolEquipment,实体出现在该章节文本块中,"[137, 138, 143]","[""shiprag_p137_00157"", ""shiprag_p138_00158"", ""shiprag_p143_00164""]",0.8
Chapter_第五章,Component_柱包板,第五章,Chapter,contains,包含,柱包板,Component,实体出现在该章节文本块中,[143],"[""shiprag_p143_00164""]",0.8
Chapter_第五章,Process_框架式装配,第五章,Chapter,contains,包含,框架式装配,Process,实体出现在该章节文本块中,"[115, 128]","[""shiprag_p115_00132"", ""shiprag_p128_00146""]",0.8
Chapter_第五章,Component_框架肋板,第五章,Chapter,contains,包含,框架肋板,Component,实体出现在该章节文本块中,[133],"[""shiprag_p133_00151""]",0.8
Chapter_第五章,Parameter_横向反变形值,第五章,Chapter,contains,包含,横向反变形值,Parameter,实体出现在该章节文本块中,[146],"[""shiprag_p146_00168""]",0.8
Chapter_第五章,Component_横向构件,第五章,Chapter,contains,包含,横向构件,Component,实体出现在该章节文本块中,[115],"[""shiprag_p115_00132""]",0.8
Chapter_第五章,Component_横向框架,第五章,Chapter,contains,包含,横向框架,Component,实体出现在该章节文本块中,[134],"[""shiprag_p134_00153""]",0.8
Chapter_第五章,Component_横向隔板,第五章,Chapter,contains,包含,横向隔板,Component,实体出现在该章节文本块中,[136],"[""shiprag_p136_00155""]",0.8
Chapter_第五章,Component_横向骨架,第五章,Chapter,contains,包含,横向骨架,Component,实体出现在该章节文本块中,[131],"[""shiprag_p131_00149""]",0.8
Chapter_第五章,Component_横舱壁,第五章,Chapter,contains,包含,横舱壁,Component,三元组尾实体出现在该章节,[139],"[""shiprag_p139_00159""]",0.8
Chapter_第五章,ProcessObject_正切基面,第五章,Chapter,contains,包含,正切基面,ProcessObject,实体出现在该章节文本块中,[124],"[""shiprag_p124_00142""]",0.8
Chapter_第五章,ToolEquipment_正切胎架,第五章,Chapter,contains,包含,正切胎架,ToolEquipment,实体出现在该章节文本块中,[122],"[""shiprag_p122_00140""]",0.8
Chapter_第五章,Operation_正装,第五章,Chapter,contains,包含,正装,Operation,实体出现在该章节文本块中,"[112, 113]","[""shiprag_p112_00129"", ""shiprag_p113_00130""]",0.8
Chapter_第五章,Process_正造,第五章,Chapter,contains,包含,正造,Process,实体出现在该章节文本块中,[146],"[""shiprag_p146_00168""]",0.8
Chapter_第五章,Component_水平加强板,第五章,Chapter,contains,包含,水平加强板,Component,实体出现在该章节文本块中,[141],"[""shiprag_p141_00162""]",0.8
Chapter_第五章,ToolEquipment_水平尺,第五章,Chapter,contains,包含,水平尺,ToolEquipment,实体出现在该章节文本块中,"[137, 141]","[""shiprag_p137_00157"", ""shiprag_p141_00161""]",0.8
Chapter_第五章,ToolEquipment_水平软管,第五章,Chapter,contains,包含,水平软管,ToolEquipment,实体出现在该章节文本块中,[136],"[""shiprag_p136_00156""]",0.8
Chapter_第五章,ToolEquipment_活络支柱胎架,第五章,Chapter,contains,包含,活络支柱胎架,ToolEquipment,实体出现在该章节文本块中,[128],"[""shiprag_p128_00146""]",0.8
Chapter_第五章,Process_流水线组织生产,第五章,Chapter,contains,包含,流水线组织生产,Process,实体出现在该章节文本块中,[133],"[""shiprag_p133_00152""]",0.8
Chapter_第五章,ToolEquipment_激光经纬仪,第五章,Chapter,contains,包含,激光经纬仪,ToolEquipment,实体出现在该章节文本块中,"[127, 136, 148]","[""shiprag_p127_00145"", ""shiprag_p136_00156"", ""shiprag_p148_00170""]",0.8
Chapter_第五章,Operation_火工矫正,第五章,Chapter,contains,包含,火工矫正,Operation,实体出现在该章节文本块中,[133],"[""shiprag_p133_00152""]",0.8
Chapter_第五章,Operation_焊接,第五章,Chapter,contains,包含,焊接,Operation,实体出现在该章节文本块中,"[144, 146]","[""shiprag_p144_00165"", ""shiprag_p146_00167""]",0.8
Chapter_第五章,Defect_焊接变形,第五章,Chapter,contains,包含,焊接变形,Defect,实体出现在该章节文本块中,"[146, 148]","[""shiprag_p146_00167"", ""shiprag_p148_00170""]",0.8
Chapter_第五章,ProcessObject_球鼻铺分段,第五章,Chapter,contains,包含,球鼻铺分段,ProcessObject,实体出现在该章节文本块中,[141],"[""shiprag_p141_00161""]",0.8
Chapter_第五章,Component_甲板,第五章,Chapter,contains,包含,甲板,Component,实体出现在该章节文本块中,"[133, 134, 136]","[""shiprag_p133_00152"", ""shiprag_p134_00153"", ""shiprag_p136_00155""]",0.8
Chapter_第五章,ToolEquipment_甲板胎架,第五章,Chapter,contains,包含,甲板胎架,ToolEquipment,实体出现在该章节文本块中,[144],"[""shiprag_p144_00165""]",0.8
Chapter_第五章,Component_甲板边板,第五章,Chapter,contains,包含,甲板边板,Component,实体出现在该章节文本块中,[132],"[""shiprag_p132_00150""]",0.8
Chapter_第五章,Operation_画出中间肋骨线,第五章,Chapter,contains,包含,画出中间肋骨线,Operation,三元组尾实体出现在该章节,[129],"[""shiprag_p129_00147""]",0.8
Chapter_第五章,Operation_画出水平线,第五章,Chapter,contains,包含,画出水平线,Operation,三元组尾实体出现在该章节,[136],"[""shiprag_p136_00156""]",0.8
Chapter_第五章,Defect_疲劳性损坏,第五章,Chapter,contains,包含,疲劳性损坏,Defect,实体出现在该章节文本块中,[126],"[""shiprag_p126_00144""]",0.8
Chapter_第五章,Operation_确定胎架工作曲面,第五章,Chapter,contains,包含,确定胎架工作曲面,Operation,三元组尾实体出现在该章节,[124],"[""shiprag_p124_00142""]",0.8
Chapter_第五章,ProcessObject_立体分段,第五章,Chapter,contains,包含,立体分段,ProcessObject,实体出现在该章节文本块中,[113],"[""shiprag_p113_00130""]",0.8
Chapter_第五章,ToolEquipment_简易胎架,第五章,Chapter,contains,包含,简易胎架,ToolEquipment,实体出现在该章节文本块中,[132],"[""shiprag_p132_00150""]",0.8
Chapter_第五章,ToolEquipment_粉线,第五章,Chapter,contains,包含,粉线,ToolEquipment,实体出现在该章节文本块中,[129],"[""shiprag_p129_00147""]",0.8
Chapter_第五章,Component_纵向构件,第五章,Chapter,contains,包含,纵向构件,Component,实体出现在该章节文本块中,[115],"[""shiprag_p115_00132""]",0.8
Chapter_第五章,Component_纵向隔板,第五章,Chapter,contains,包含,纵向隔板,Component,实体出现在该章节文本块中,[136],"[""shiprag_p136_00155""]",0.8
Chapter_第五章,Component_纵桁,第五章,Chapter,contains,包含,纵桁,Component,实体出现在该章节文本块中,"[126, 136]","[""shiprag_p126_00144"", ""shiprag_p136_00155""]",0.8
Chapter_第五章,Component_纵舱壁,第五章,Chapter,contains,包含,纵舱壁,Component,实体出现在该章节文本块中,"[139, 140]","[""shiprag_p139_00159"", ""shiprag_p140_00160""]",0.8
Chapter_第五章,ProcessObject_纵骨架式大型船舶,第五章,Chapter,contains,包含,纵骨架式大型船舶,ProcessObject,三元组尾实体出现在该章节,[114],"[""shiprag_p114_00131""]",0.8
Chapter_第五章,ToolEquipment_线锤,第五章,Chapter,contains,包含,线锤,ToolEquipment,三元组头实体出现在该章节,"[129, 139]","[""shiprag_p129_00147"", ""shiprag_p139_00159""]",0.8
Chapter_第五章,ProcessObject_组立树,第五章,Chapter,contains,包含,组立树,ProcessObject,实体出现在该章节文本块中,[117],"[""shiprag_p117_00135""]",0.8
Chapter_第五章,ProcessObject_组立要领图,第五章,Chapter,contains,包含,组立要领图,ProcessObject,实体出现在该章节文本块中,[117],"[""shiprag_p117_00135""]",0.8
Chapter_第五章,Component_肋板,第五章,Chapter,contains,包含,肋板,Component,实体出现在该章节文本块中,"[115, 126, 137, 138]","[""shiprag_p115_00132"", ""shiprag_p126_00144"", ""shiprag_p137_00157"", ""shiprag_p138_00158""]",0.8
Chapter_第五章,Component_肋板之间,第五章,Chapter,contains,包含,肋板之间,Component,三元组尾实体出现在该章节,[140],"[""shiprag_p140_00160""]",0.8
Chapter_第五章,Component_肋骨,第五章,Chapter,contains,包含,肋骨,Component,实体出现在该章节文本块中,"[130, 134, 141]","[""shiprag_p130_00148"", ""shiprag_p134_00153"", ""shiprag_p141_00161""]",0.8
Chapter_第五章,Component_肋骨框架,第五章,Chapter,contains,包含,肋骨框架,Component,实体出现在该章节文本块中,[139],"[""shiprag_p139_00159""]",0.8
Chapter_第五章,Measurement_肋骨检验线,第五章,Chapter,contains,包含,肋骨检验线,Measurement,实体出现在该章节文本块中,[127],"[""shiprag_p127_00145""]",0.8
Chapter_第五章,Operation_胎上二次画线,第五章,Chapter,contains,包含,胎上二次画线,Operation,实体出现在该章节文本块中,[122],"[""shiprag_p122_00140""]",0.8
Chapter_第五章,Component_胎板,第五章,Chapter,contains,包含,胎板,Component,实体出现在该章节文本块中,[136],"[""shiprag_p136_00156""]",0.8
Chapter_第五章,ToolEquipment_胎架,第五章,Chapter,contains,包含,胎架,ToolEquipment,实体出现在该章节文本块中,"[113, 120, 123, 124, 137, 139, 147]","[""shiprag_p113_00130"", ""shiprag_p120_00138"", ""shiprag_p123_00141"", ""shiprag_p124_00142"", ""shiprag_p137_00157"", ""shiprag_p139_00159"", ""shiprag_p147_00169""]",0.8
Chapter_第五章,Parameter_胎架基面,第五章,Chapter,contains,包含,胎架基面,Parameter,实体出现在该章节文本块中,[123],"[""shiprag_p123_00141""]",0.8
Chapter_第五章,ProcessObject_胎架基面,第五章,Chapter,contains,包含,胎架基面,ProcessObject,实体出现在该章节文本块中,[124],"[""shiprag_p124_00142""]",0.8
Chapter_第五章,Parameter_胎架支柱高度,第五章,Chapter,contains,包含,胎架支柱高度,Parameter,实体出现在该章节文本块中,[121],"[""shiprag_p121_00139""]",0.8
Chapter_第五章,Operation_自动焊,第五章,Chapter,contains,包含,自动焊,Operation,实体出现在该章节文本块中,[123],"[""shiprag_p123_00141""]",0.8
Chapter_第五章,Component_舰柱,第五章,Chapter,contains,包含,舰柱,Component,实体出现在该章节文本块中,[137],"[""shiprag_p137_00157""]",0.8
Chapter_第五章,Component_舵杆孔围板,第五章,Chapter,contains,包含,舵杆孔围板,Component,实体出现在该章节文本块中,[140],"[""shiprag_p140_00160""]",0.8
Chapter_第五章,Component_舷侧,第五章,Chapter,contains,包含,舷侧,Component,三元组尾实体出现在该章节,[113],"[""shiprag_p113_00130""]",0.8
Chapter_第五章,ProcessObject_舷侧分段,第五章,Chapter,contains,包含,舷侧分段,ProcessObject,实体出现在该章节文本块中,[128],"[""shiprag_p128_00146""]",0.8
Chapter_第五章,Component_舷侧纵桁,第五章,Chapter,contains,包含,舷侧纵桁,Component,实体出现在该章节文本块中,[131],"[""shiprag_p131_00149""]",0.8
Chapter_第五章,Process_船台无余量合拢,第五章,Chapter,contains,包含,船台无余量合拢,Process,实体出现在该章节文本块中,[144],"[""shiprag_p144_00165""]",0.8
Chapter_第五章,ToolEquipment_葫芦,第五章,Chapter,contains,包含,葫芦,ToolEquipment,实体出现在该章节文本块中,[138],"[""shiprag_p138_00158""]",0.8
Chapter_第五章,ToolEquipment_角度水准尺,第五章,Chapter,contains,包含,角度水准尺,ToolEquipment,实体出现在该章节文本块中,[131],"[""shiprag_p131_00149""]",0.8
Chapter_第五章,ToolEquipment_计算机,第五章,Chapter,contains,包含,计算机,ToolEquipment,实体出现在该章节文本块中,[125],"[""shiprag_p125_00143""]",0.8
Chapter_第五章,Operation_调整舰柱中心线左右偏差,第五章,Chapter,contains,包含,调整舰柱中心线左右偏差,Operation,三元组尾实体出现在该章节,[137],"[""shiprag_p137_00157""]",0.8
Chapter_第五章,Component_轴包板,第五章,Chapter,contains,包含,轴包板,Component,实体出现在该章节文本块中,[138],"[""shiprag_p138_00158""]",0.8
Chapter_第五章,Component_连接肘板,第五章,Chapter,contains,包含,连接肘板,Component,实体出现在该章节文本块中,[131],"[""shiprag_p131_00149""]",0.8
Chapter_第五章,ToolEquipment_通用平台,第五章,Chapter,contains,包含,通用平台,ToolEquipment,实体出现在该章节文本块中,[113],"[""shiprag_p113_00130""]",0.8
Chapter_第五章,ProcessObject_通用支柱式双斜切胎架,第五章,Chapter,contains,包含,通用支柱式双斜切胎架,ProcessObject,实体出现在该章节文本块中,[125],"[""shiprag_p125_00143""]",0.8
Chapter_第五章,ProcessObject_部上段,第五章,Chapter,contains,包含,部上段,ProcessObject,实体出现在该章节文本块中,[144],"[""shiprag_p144_00165""]",0.8
Chapter_第五章,Material_钢丝,第五章,Chapter,contains,包含,钢丝,Material,三元组尾实体出现在该章节,[130],"[""shiprag_p130_00148""]",0.8
Chapter_第五章,Component_钢柱,第五章,Chapter,contains,包含,钢柱,Component,实体出现在该章节文本块中,[141],"[""shiprag_p141_00162""]",0.8
Chapter_第五章,Component_铸锅锯柱,第五章,Chapter,contains,包含,铸锅锯柱,Component,实体出现在该章节文本块中,[136],"[""shiprag_p136_00156""]",0.8
Chapter_第五章,Measurement_长度中心线,第五章,Chapter,contains,包含,长度中心线,Measurement,实体出现在该章节文本块中,[121],"[""shiprag_p121_00139""]",0.8
Chapter_第五章,Measurement_间隙,第五章,Chapter,contains,包含,间隙,Measurement,三元组头实体出现在该章节,[126],"[""shiprag_p126_00144""]",0.8
Chapter_第五章,QualityRequirement_防止崩柱包板下滑,第五章,Chapter,contains,包含,防止崩柱包板下滑,QualityRequirement,三元组尾实体出现在该章节,[143],"[""shiprag_p143_00164""]",0.8
Chapter_第五章,QualityRequirement_防止柱包板倾倒,第五章,Chapter,contains,包含,防止柱包板倾倒,QualityRequirement,三元组尾实体出现在该章节,[143],"[""shiprag_p143_00164""]",0.8
Chapter_第五章,Component_零号舱壁,第五章,Chapter,contains,包含,零号舱壁,Component,实体出现在该章节文本块中,"[140, 141]","[""shiprag_p140_00160"", ""shiprag_p141_00161""]",0.8
Chapter_第五章,ProcessObject_顶边舱分段,第五章,Chapter,contains,包含,顶边舱分段,ProcessObject,实体出现在该章节文本块中,[133],"[""shiprag_p133_00151""]",0.8
Chapter_第五章,ProcessObject_顶边舱舷侧分段,第五章,Chapter,contains,包含,顶边舱舷侧分段,ProcessObject,实体出现在该章节文本块中,[134],"[""shiprag_p134_00153""]",0.8
Chapter_第五章,ToolEquipment_马板,第五章,Chapter,contains,包含,马板,ToolEquipment,实体出现在该章节文本块中,[138],"[""shiprag_p138_00158""]",0.8
Chapter_第五章,ProcessObject_髓_撬分段,第五章,Chapter,contains,包含,髓、撬分段,ProcessObject,实体出现在该章节文本块中,[136],"[""shiprag_p136_00155""]",0.8
Chapter_第五章,Process_高效焊接,第五章,Chapter,contains,包含,高效焊接,Process,实体出现在该章节文本块中,[148],"[""shiprag_p148_00170""]",0.8
Chapter_第五章,Component_龙骨底板,第五章,Chapter,contains,包含,龙骨底板,Component,实体出现在该章节文本块中,[127],"[""shiprag_p127_00145""]",0.8
Chapter_第五章船体分段的装配,ProcessObject_42000吨散装货船的分段划分,第五章船体分段的装配,Chapter,contains,包含,42000吨散装货船的分段划分,ProcessObject,三元组尾实体出现在该章节,[14],"[""shiprag_p014_00015""]",0.8
Chapter_第五章船体分段的装配,ProcessObject_L型分段,第五章船体分段的装配,Chapter,contains,包含,L型分段,ProcessObject,实体出现在该章节文本块中,[14],"[""shiprag_p014_00015""]",0.8
Chapter_第五章船体分段的装配,Operation_一次除锈,第五章船体分段的装配,Chapter,contains,包含,一次除锈,Operation,实体出现在该章节文本块中,[29],"[""shiprag_p029_00035""]",0.8
Chapter_第五章船体分段的装配,Process_一次除锈,第五章船体分段的装配,Chapter,contains,包含,一次除锈,Process,实体出现在该章节文本块中,[30],"[""shiprag_p030_00036""]",0.8
Chapter_第五章船体分段的装配,Parameter_上下层次码,第五章船体分段的装配,Chapter,contains,包含,上下层次码,Parameter,三元组尾实体出现在该章节,[21],"[""shiprag_p021_00024""]",0.8
Chapter_第五章船体分段的装配,Component_临时加强材,第五章船体分段的装配,Chapter,contains,包含,临时加强材,Component,实体出现在该章节文本块中,[26],"[""shiprag_p026_00030""]",0.8
Chapter_第五章船体分段的装配,ProcessObject_主船体,第五章船体分段的装配,Chapter,contains,包含,主船体,ProcessObject,三元组头实体出现在该章节,[13],"[""shiprag_p013_00014""]",0.8
Chapter_第五章船体分段的装配,Operation_二次除锈,第五章船体分段的装配,Chapter,contains,包含,二次除锈,Operation,实体出现在该章节文本块中,"[28, 29, 30]","[""shiprag_p028_00033"", ""shiprag_p029_00035"", ""shiprag_p030_00037""]",0.8
Chapter_第五章船体分段的装配,Process_二次除锈,第五章船体分段的装配,Chapter,contains,包含,二次除锈,Process,实体出现在该章节文本块中,[30],"[""shiprag_p030_00036""]",0.8
Chapter_第五章船体分段的装配,Measurement_二次除锈率,第五章船体分段的装配,Chapter,contains,包含,二次除锈率,Measurement,实体出现在该章节文本块中,[29],"[""shiprag_p029_00035""]",0.8
Chapter_第五章船体分段的装配,ProcessObject_五级编码,第五章船体分段的装配,Chapter,contains,包含,五级编码,ProcessObject,实体出现在该章节文本块中,[18],"[""shiprag_p018_00019""]",0.8
Chapter_第五章船体分段的装配,ProcessObject_侧分段,第五章船体分段的装配,Chapter,contains,包含,侧分段,ProcessObject,实体出现在该章节文本块中,"[11, 13]","[""shiprag_p011_00012"", ""shiprag_p013_00014""]",0.8
Chapter_第五章船体分段的装配,Measurement_准直线,第五章船体分段的装配,Chapter,contains,包含,准直线,Measurement,实体出现在该章节文本块中,[9],"[""shiprag_p009_00010""]",0.8
Chapter_第五章船体分段的装配,ProcessObject_分段,第五章船体分段的装配,Chapter,contains,包含,分段,ProcessObject,实体出现在该章节文本块中,"[18, 23, 24, 25, 26, 29]","[""shiprag_p018_00020"", ""shiprag_p023_00026"", ""shiprag_p024_00027"", ""shiprag_p024_00028"", ""shiprag_p025_00029"", ""shiprag_p026_00030"", ""shiprag_p029_00034""]",0.8
Chapter_第五章船体分段的装配,Measurement_分段中心线,第五章船体分段的装配,Chapter,contains,包含,分段中心线,Measurement,实体出现在该章节文本块中,[12],"[""shiprag_p012_00013""]",0.8
Chapter_第五章船体分段的装配,Process_分段二次除锈和涂装,第五章船体分段的装配,Chapter,contains,包含,分段二次除锈和涂装,Process,实体出现在该章节文本块中,[29],"[""shiprag_p029_00034""]",0.8
Chapter_第五章船体分段的装配,Measurement_分段二次除锈率,第五章船体分段的装配,Chapter,contains,包含,分段二次除锈率,Measurement,实体出现在该章节文本块中,[30],"[""shiprag_p030_00036""]",0.8
Chapter_第五章船体分段的装配,ProcessObject_分段代码,第五章船体分段的装配,Chapter,contains,包含,分段代码,ProcessObject,实体出现在该章节文本块中,[18],"[""shiprag_p018_00019""]",0.8
Chapter_第五章船体分段的装配,Parameter_分段代码,第五章船体分段的装配,Chapter,contains,包含,分段代码,Parameter,实体出现在该章节文本块中,[21],"[""shiprag_p021_00024""]",0.8
Chapter_第五章船体分段的装配,ProcessObject_分段划分图,第五章船体分段的装配,Chapter,contains,包含,分段划分图,ProcessObject,实体出现在该章节文本块中,[14],"[""shiprag_p014_00015""]",0.8
Chapter_第五章船体分段的装配,Operation_分段吊运与翻身,第五章船体分段的装配,Chapter,contains,包含,分段吊运与翻身,Operation,实体出现在该章节文本块中,[23],"[""shiprag_p023_00026""]",0.8
Chapter_第五章船体分段的装配,ProcessObject_分段大接缝,第五章船体分段的装配,Chapter,contains,包含,分段大接缝,ProcessObject,实体出现在该章节文本块中,[14],"[""shiprag_p014_00015""]",0.8
Chapter_第五章船体分段的装配,Process_分段建造,第五章船体分段的装配,Chapter,contains,包含,分段建造,Process,实体出现在该章节文本块中,[13],"[""shiprag_p013_00014""]",0.8
Chapter_第五章船体分段的装配,Operation_分段装配,第五章船体分段的装配,Chapter,contains,包含,分段装配,Operation,实体出现在该章节文本块中,[19],"[""shiprag_p019_00021""]",0.8
Chapter_第五章船体分段的装配,Parameter_分段顺序码,第五章船体分段的装配,Chapter,contains,包含,分段顺序码,Parameter,三元组尾实体出现在该章节,[21],"[""shiprag_p021_00024""]",0.8
Chapter_第五章船体分段的装配,Component_刚性构件,第五章船体分段的装配,Chapter,contains,包含,刚性构件,Component,实体出现在该章节文本块中,[24],"[""shiprag_p024_00028""]",0.8
Chapter_第五章船体分段的装配,Process_区域二次除锈,第五章船体分段的装配,Chapter,contains,包含,区域二次除锈,Process,实体出现在该章节文本块中,[30],"[""shiprag_p030_00036""]",0.8
Chapter_第五章船体分段的装配,ToolEquipment_卷尺,第五章船体分段的装配,Chapter,contains,包含,卷尺,ToolEquipment,实体出现在该章节文本块中,"[11, 12]","[""shiprag_p011_00012"", ""shiprag_p012_00013""]",0.8
Chapter_第五章船体分段的装配,Material_压缩空气,第五章船体分段的装配,Chapter,contains,包含,压缩空气,Material,实体出现在该章节文本块中,[28],"[""shiprag_p028_00033""]",0.8
Chapter_第五章船体分段的装配,ToolEquipment_反光镜,第五章船体分段的装配,Chapter,contains,包含,反光镜,ToolEquipment,实体出现在该章节文本块中,[10],"[""shiprag_p010_00011""]",0.8
Chapter_第五章船体分段的装配,ToolEquipment_吊排,第五章船体分段的装配,Chapter,contains,包含,吊排,ToolEquipment,实体出现在该章节文本块中,"[25, 26]","[""shiprag_p025_00029"", ""shiprag_p026_00030""]",0.8
Chapter_第五章船体分段的装配,ToolEquipment_吊环,第五章船体分段的装配,Chapter,contains,包含,吊环,ToolEquipment,实体出现在该章节文本块中,"[24, 25]","[""shiprag_p024_00027"", ""shiprag_p025_00029""]",0.8
Chapter_第五章船体分段的装配,Component_吊环,第五章船体分段的装配,Chapter,contains,包含,吊环,Component,实体出现在该章节文本块中,"[23, 24]","[""shiprag_p023_00026"", ""shiprag_p024_00028""]",0.8
Chapter_第五章船体分段的装配,Parameter_吊环间距,第五章船体分段的装配,Chapter,contains,包含,吊环间距,Parameter,实体出现在该章节文本块中,[24],"[""shiprag_p024_00028""]",0.8
Chapter_第五章船体分段的装配,ToolEquipment_吊索,第五章船体分段的装配,Chapter,contains,包含,吊索,ToolEquipment,实体出现在该章节文本块中,"[24, 25]","[""shiprag_p024_00028"", ""shiprag_p025_00029""]",0.8
Chapter_第五章船体分段的装配,Parameter_吊索夹角,第五章船体分段的装配,Chapter,contains,包含,吊索夹角,Parameter,实体出现在该章节文本块中,"[24, 25]","[""shiprag_p024_00028"", ""shiprag_p025_00029""]",0.8
Chapter_第五章船体分段的装配,ToolEquipment_吊车,第五章船体分段的装配,Chapter,contains,包含,吊车,ToolEquipment,实体出现在该章节文本块中,[24],"[""shiprag_p024_00027""]",0.8
Chapter_第五章船体分段的装配,Measurement_同一剖面,第五章船体分段的装配,Chapter,contains,包含,同一剖面,Measurement,三元组尾实体出现在该章节,[14],"[""shiprag_p014_00015""]",0.8
Chapter_第五章船体分段的装配,ToolEquipment_圆形碳棒,第五章船体分段的装配,Chapter,contains,包含,圆形碳棒,ToolEquipment,实体出现在该章节文本块中,[27],"[""shiprag_p027_00032""]",0.8
Chapter_第五章船体分段的装配,ToolEquipment_圆水准器,第五章船体分段的装配,Chapter,contains,包含,圆水准器,ToolEquipment,实体出现在该章节文本块中,[8],"[""shiprag_p008_00009""]",0.8
Chapter_第五章船体分段的装配,Measurement_垂直基准,第五章船体分段的装配,Chapter,contains,包含,垂直基准,Measurement,实体出现在该章节文本块中,[9],"[""shiprag_p009_00010""]",0.8
Chapter_第五章船体分段的装配,Measurement_垂直度,第五章船体分段的装配,Chapter,contains,包含,垂直度,Measurement,实体出现在该章节文本块中,[8],"[""shiprag_p008_00008""]",0.8
Chapter_第五章船体分段的装配,Measurement_基准线,第五章船体分段的装配,Chapter,contains,包含,基准线,Measurement,实体出现在该章节文本块中,[8],"[""shiprag_p008_00008""]",0.8
Chapter_第五章船体分段的装配,ProcessObject_大分段,第五章船体分段的装配,Chapter,contains,包含,大分段,ProcessObject,实体出现在该章节文本块中,[18],"[""shiprag_p018_00020""]",0.8
Chapter_第五章船体分段的装配,Defect_夹渣,第五章船体分段的装配,Chapter,contains,包含,夹渣,Defect,实体出现在该章节文本块中,[27],"[""shiprag_p027_00031""]",0.8
Chapter_第五章船体分段的装配,ProcessObject_子分段,第五章船体分段的装配,Chapter,contains,包含,子分段,ProcessObject,实体出现在该章节文本块中,[14],"[""shiprag_p014_00015""]",0.8
Chapter_第五章船体分段的装配,Parameter_安全起重量,第五章船体分段的装配,Chapter,contains,包含,安全起重量,Parameter,实体出现在该章节文本块中,[24],"[""shiprag_p024_00027""]",0.8
Chapter_第五章船体分段的装配,Operation_对中,第五章船体分段的装配,Chapter,contains,包含,对中,Operation,实体出现在该章节文本块中,[9],"[""shiprag_p009_00010""]",0.8
Chapter_第五章船体分段的装配,ProcessObject_平面分段,第五章船体分段的装配,Chapter,contains,包含,平面分段,ProcessObject,实体出现在该章节文本块中,[18],"[""shiprag_p018_00020""]",0.8
Chapter_第五章船体分段的装配,ProcessObject_底部分段,第五章船体分段的装配,Chapter,contains,包含,底部分段,ProcessObject,实体出现在该章节文本块中,"[11, 12, 13, 14]","[""shiprag_p011_00012"", ""shiprag_p012_00013"", ""shiprag_p013_00014"", ""shiprag_p014_00015""]",0.8
Chapter_第五章船体分段的装配,Defect_弯曲变形,第五章船体分段的装配,Chapter,contains,包含,弯曲变形,Defect,实体出现在该章节文本块中,[25],"[""shiprag_p025_00029""]",0.8
Chapter_第五章船体分段的装配,Operation_形成焊缝坡口,第五章船体分段的装配,Chapter,contains,包含,形成焊缝坡口,Operation,三元组尾实体出现在该章节,[27],"[""shiprag_p027_00031""]",0.8
Chapter_第五章船体分段的装配,ProcessObject_总段,第五章船体分段的装配,Chapter,contains,包含,总段,ProcessObject,实体出现在该章节文本块中,[18],"[""shiprag_p018_00020""]",0.8
Chapter_第五章船体分段的装配,ToolEquipment_扁形碳棒,第五章船体分段的装配,Chapter,contains,包含,扁形碳棒,ToolEquipment,实体出现在该章节文本块中,[27],"[""shiprag_p027_00032""]",0.8
Chapter_第五章船体分段的装配,ToolEquipment_抛丸,第五章船体分段的装配,Chapter,contains,包含,抛丸,ToolEquipment,三元组尾实体出现在该章节,[30],"[""shiprag_p030_00036""]",0.8
Chapter_第五章船体分段的装配,ToolEquipment_望远镜,第五章船体分段的装配,Chapter,contains,包含,望远镜,ToolEquipment,实体出现在该章节文本块中,[8],"[""shiprag_p008_00009""]",0.8
Chapter_第五章船体分段的装配,ProcessObject_机舱区,第五章船体分段的装配,Chapter,contains,包含,机舱区,ProcessObject,实体出现在该章节文本块中,[21],"[""shiprag_p021_00024""]",0.8
Chapter_第五章船体分段的装配,Parameter_横向位置码,第五章船体分段的装配,Chapter,contains,包含,横向位置码,Parameter,三元组尾实体出现在该章节,[21],"[""shiprag_p021_00024""]",0.8
Chapter_第五章船体分段的装配,Measurement_横轴,第五章船体分段的装配,Chapter,contains,包含,横轴,Measurement,实体出现在该章节文本块中,[10],"[""shiprag_p010_00011""]",0.8
Chapter_第五章船体分段的装配,Defect_气孔,第五章船体分段的装配,Chapter,contains,包含,气孔,Defect,实体出现在该章节文本块中,[27],"[""shiprag_p027_00031""]",0.8
Chapter_第五章船体分段的装配,Measurement_水平基准面,第五章船体分段的装配,Chapter,contains,包含,水平基准面,Measurement,实体出现在该章节文本块中,[9],"[""shiprag_p009_00010""]",0.8
Chapter_第五章船体分段的装配,Measurement_水平度,第五章船体分段的装配,Chapter,contains,包含,水平度,Measurement,实体出现在该章节文本块中,[8],"[""shiprag_p008_00008""]",0.8
Chapter_第五章船体分段的装配,ToolEquipment_波带片,第五章船体分段的装配,Chapter,contains,包含,波带片,ToolEquipment,实体出现在该章节文本块中,[8],"[""shiprag_p008_00009""]",0.8
Chapter_第五章船体分段的装配,Operation_测量,第五章船体分段的装配,Chapter,contains,包含,测量,Operation,三元组尾实体出现在该章节,[10],"[""shiprag_p010_00011""]",0.8
Chapter_第五章船体分段的装配,Operation_涂装,第五章船体分段的装配,Chapter,contains,包含,涂装,Operation,三元组尾实体出现在该章节,[29],"[""shiprag_p029_00035""]",0.8
Chapter_第五章船体分段的装配,Measurement_涂装工作量,第五章船体分段的装配,Chapter,contains,包含,涂装工作量,Measurement,三元组尾实体出现在该章节,[29],"[""shiprag_p029_00035""]",0.8
Chapter_第五章船体分段的装配,Measurement_涂装效率,第五章船体分段的装配,Chapter,contains,包含,涂装效率,Measurement,实体出现在该章节文本块中,[29],"[""shiprag_p029_00035""]",0.8
Chapter_第五章船体分段的装配,Operation_清除缺陷,第五章船体分段的装配,Chapter,contains,包含,清除缺陷,Operation,三元组尾实体出现在该章节,[27],"[""shiprag_p027_00031""]",0.8
Chapter_第五章船体分段的装配,QualityRequirement_漆膜保护,第五章船体分段的装配,Chapter,contains,包含,漆膜保护,QualityRequirement,实体出现在该章节文本块中,[30],"[""shiprag_p030_00037""]",0.8
Chapter_第五章船体分段的装配,Defect_漆膜保护意识淡薄,第五章船体分段的装配,Chapter,contains,包含,漆膜保护意识淡薄,Defect,三元组头实体出现在该章节,[30],"[""shiprag_p030_00037""]",0.8
Chapter_第五章船体分段的装配,ToolEquipment_激光束,第五章船体分段的装配,Chapter,contains,包含,激光束,ToolEquipment,实体出现在该章节文本块中,[8],"[""shiprag_p008_00009""]",0.8
Chapter_第五章船体分段的装配,ToolEquipment_激光经纬仪,第五章船体分段的装配,Chapter,contains,包含,激光经纬仪,ToolEquipment,实体出现在该章节文本块中,"[8, 9, 12]","[""shiprag_p008_00008"", ""shiprag_p009_00010"", ""shiprag_p012_00013""]",0.8
Chapter_第五章船体分段的装配,Component_焊缝,第五章船体分段的装配,Chapter,contains,包含,焊缝,Component,实体出现在该章节文本块中,[29],"[""shiprag_p029_00034""]",0.8
Chapter_第五章船体分段的装配,ProcessObject_焊缝坡口,第五章船体分段的装配,Chapter,contains,包含,焊缝坡口,ProcessObject,实体出现在该章节文本块中,[27],"[""shiprag_p027_00031""]",0.8
Chapter_第五章船体分段的装配,Component_牺牲阳极,第五章船体分段的装配,Chapter,contains,包含,牺牲阳极,Component,实体出现在该章节文本块中,[29],"[""shiprag_p029_00034""]",0.8
Chapter_第五章船体分段的装配,ProcessObject_甲板分段,第五章船体分段的装配,Chapter,contains,包含,甲板分段,ProcessObject,实体出现在该章节文本块中,[13],"[""shiprag_p013_00014""]",0.8
Chapter_第五章船体分段的装配,Component_甲板边线,第五章船体分段的装配,Chapter,contains,包含,甲板边线,Component,实体出现在该章节文本块中,[11],"[""shiprag_p011_00012""]",0.8
Chapter_第五章船体分段的装配,Parameter_电流强度,第五章船体分段的装配,Chapter,contains,包含,电流强度,Parameter,实体出现在该章节文本块中,[27],"[""shiprag_p027_00032""]",0.8
Chapter_第五章船体分段的装配,ToolEquipment_直流焊机,第五章船体分段的装配,Chapter,contains,包含,直流焊机,ToolEquipment,实体出现在该章节文本块中,[26],"[""shiprag_p026_00030""]",0.8
Chapter_第五章船体分段的装配,Parameter_直流电机反接极,第五章船体分段的装配,Chapter,contains,包含,直流电机反接极,Parameter,实体出现在该章节文本块中,[27],"[""shiprag_p027_00032""]",0.8
Chapter_第五章船体分段的装配,Measurement_直线度,第五章船体分段的装配,Chapter,contains,包含,直线度,Measurement,实体出现在该章节文本块中,[8],"[""shiprag_p008_00008""]",0.8
Chapter_第五章船体分段的装配,ToolEquipment_瞄准器,第五章船体分段的装配,Chapter,contains,包含,瞄准器,ToolEquipment,实体出现在该章节文本块中,[8],"[""shiprag_p008_00009""]",0.8
Chapter_第五章船体分段的装配,Process_码头涂装,第五章船体分段的装配,Chapter,contains,包含,码头涂装,Process,实体出现在该章节文本块中,[29],"[""shiprag_p029_00034""]",0.8
Chapter_第五章船体分段的装配,ToolEquipment_碳刨钳,第五章船体分段的装配,Chapter,contains,包含,碳刨钳,ToolEquipment,实体出现在该章节文本块中,[27],"[""shiprag_p027_00031""]",0.8
Chapter_第五章船体分段的装配,Process_碳弧气刨,第五章船体分段的装配,Chapter,contains,包含,碳弧气刨,Process,实体出现在该章节文本块中,"[26, 27, 28]","[""shiprag_p026_00030"", ""shiprag_p027_00031"", ""shiprag_p027_00032"", ""shiprag_p028_00033""]",0.8
Chapter_第五章船体分段的装配,Material_碳棒,第五章船体分段的装配,Chapter,contains,包含,碳棒,Material,实体出现在该章节文本块中,"[26, 27]","[""shiprag_p026_00030"", ""shiprag_p027_00031""]",0.8
Chapter_第五章船体分段的装配,ToolEquipment_碳棒,第五章船体分段的装配,Chapter,contains,包含,碳棒,ToolEquipment,实体出现在该章节文本块中,"[27, 28]","[""shiprag_p027_00032"", ""shiprag_p028_00033""]",0.8
Chapter_第五章船体分段的装配,Parameter_碳棒与工件夹角,第五章船体分段的装配,Chapter,contains,包含,碳棒与工件夹角,Parameter,实体出现在该章节文本块中,[28],"[""shiprag_p028_00033""]",0.8
Chapter_第五章船体分段的装配,Operation_空中翻身,第五章船体分段的装配,Chapter,contains,包含,空中翻身,Operation,实体出现在该章节文本块中,"[23, 24]","[""shiprag_p023_00026"", ""shiprag_p024_00027""]",0.8
Chapter_第五章船体分段的装配,Measurement_竖轴,第五章船体分段的装配,Chapter,contains,包含,竖轴,Measurement,实体出现在该章节文本块中,[10],"[""shiprag_p010_00011""]",0.8
Chapter_第五章船体分段的装配,Component_纵横骨架交叉处,第五章船体分段的装配,Chapter,contains,包含,纵横骨架交叉处,Component,实体出现在该章节文本块中,[24],"[""shiprag_p024_00028""]",0.8
Chapter_第五章船体分段的装配,Measurement_线性测量,第五章船体分段的装配,Chapter,contains,包含,线性测量,Measurement,实体出现在该章节文本块中,[8],"[""shiprag_p008_00008""]",0.8
Chapter_第五章船体分段的装配,ToolEquipment_线锤,第五章船体分段的装配,Chapter,contains,包含,线锤,ToolEquipment,实体出现在该章节文本块中,[11],"[""shiprag_p011_00012""]",0.8
Chapter_第五章船体分段的装配,ProcessObject_组合件,第五章船体分段的装配,Chapter,contains,包含,组合件,ProcessObject,实体出现在该章节文本块中,[18],"[""shiprag_p018_00020""]",0.8
Chapter_第五章船体分段的装配,ProcessObject_组合件代码,第五章船体分段的装配,Chapter,contains,包含,组合件代码,ProcessObject,实体出现在该章节文本块中,[18],"[""shiprag_p018_00019""]",0.8
Chapter_第五章船体分段的装配,Parameter_组合件代码,第五章船体分段的装配,Chapter,contains,包含,组合件代码,Parameter,实体出现在该章节文本块中,[21],"[""shiprag_p021_00024""]",0.8
Chapter_第五章船体分段的装配,Operation_组合件装配,第五章船体分段的装配,Chapter,contains,包含,组合件装配,Operation,实体出现在该章节文本块中,[19],"[""shiprag_p019_00021""]",0.8
Chapter_第五章船体分段的装配,ToolEquipment_经纬仪,第五章船体分段的装配,Chapter,contains,包含,经纬仪,ToolEquipment,实体出现在该章节文本块中,[10],"[""shiprag_p010_00011""]",0.8
Chapter_第五章船体分段的装配,Parameter_缩短分段的制造周期,第五章船体分段的装配,Chapter,contains,包含,缩短分段的制造周期,Parameter,三元组尾实体出现在该章节,[14],"[""shiprag_p014_00015""]",0.8
Chapter_第五章船体分段的装配,Measurement_肋骨检验线,第五章船体分段的装配,Chapter,contains,包含,肋骨检验线,Measurement,实体出现在该章节文本块中,[12],"[""shiprag_p012_00013""]",0.8
Chapter_第五章船体分段的装配,ToolEquipment_胎架,第五章船体分段的装配,Chapter,contains,包含,胎架,ToolEquipment,实体出现在该章节文本块中,[23],"[""shiprag_p023_00026""]",0.8
Chapter_第五章船体分段的装配,ToolEquipment_脚螺旋,第五章船体分段的装配,Chapter,contains,包含,脚螺旋,ToolEquipment,实体出现在该章节文本块中,[8],"[""shiprag_p008_00009""]",0.8
Chapter_第五章船体分段的装配,ProcessObject_舰部,第五章船体分段的装配,Chapter,contains,包含,舰部,ProcessObject,实体出现在该章节文本块中,[21],"[""shiprag_p021_00024""]",0.8
Chapter_第五章船体分段的装配,ProcessObject_舱壁分段,第五章船体分段的装配,Chapter,contains,包含,舱壁分段,ProcessObject,实体出现在该章节文本块中,[13],"[""shiprag_p013_00014""]",0.8
Chapter_第五章船体分段的装配,Process_船体分段划分,第五章船体分段的装配,Chapter,contains,包含,船体分段划分,Process,实体出现在该章节文本块中,[13],"[""shiprag_p013_00014""]",0.8
Chapter_第五章船体分段的装配,Operation_船体总装配,第五章船体分段的装配,Chapter,contains,包含,船体总装配,Operation,实体出现在该章节文本块中,[19],"[""shiprag_p019_00021""]",0.8
Chapter_第五章船体分段的装配,ProcessObject_船体结构代码,第五章船体分段的装配,Chapter,contains,包含,船体结构代码,ProcessObject,实体出现在该章节文本块中,[18],"[""shiprag_p018_00019""]",0.8
Chapter_第五章船体分段的装配,Process_船体装配程序,第五章船体分段的装配,Chapter,contains,包含,船体装配程序,Process,实体出现在该章节文本块中,[19],"[""shiprag_p019_00021""]",0.8
Chapter_第五章船体分段的装配,ToolEquipment_船台,第五章船体分段的装配,Chapter,contains,包含,船台,ToolEquipment,实体出现在该章节文本块中,[11],"[""shiprag_p011_00012""]",0.8
Chapter_第五章船体分段的装配,ProcessObject_船台,第五章船体分段的装配,Chapter,contains,包含,船台,ProcessObject,三元组尾实体出现在该章节,[12],"[""shiprag_p012_00013""]",0.8
Chapter_第五章船体分段的装配,Measurement_船台中心线,第五章船体分段的装配,Chapter,contains,包含,船台中心线,Measurement,实体出现在该章节文本块中,[12],"[""shiprag_p012_00013""]",0.8
Chapter_第五章船体分段的装配,Operation_船台合拢,第五章船体分段的装配,Chapter,contains,包含,船台合拢,Operation,实体出现在该章节文本块中,[14],"[""shiprag_p014_00015""]",0.8
Chapter_第五章船体分段的装配,Process_船台涂装,第五章船体分段的装配,Chapter,contains,包含,船台涂装,Process,实体出现在该章节文本块中,[29],"[""shiprag_p029_00034""]",0.8
Chapter_第五章船体分段的装配,ProcessObject_船舶代码,第五章船体分段的装配,Chapter,contains,包含,船舶代码,ProcessObject,实体出现在该章节文本块中,[18],"[""shiprag_p018_00019""]",0.8
Chapter_第五章船体分段的装配,Chapter_船舶代码,第五章船体分段的装配,Chapter,contains,包含,船舶代码,Chapter,实体出现在该章节文本块中,[19],"[""shiprag_p019_00021""]",0.8
Chapter_第五章船体分段的装配,Process_船舶涂装,第五章船体分段的装配,Chapter,contains,包含,船舶涂装,Process,实体出现在该章节文本块中,[28],"[""shiprag_p028_00033""]",0.8
Chapter_第五章船体分段的装配,ProcessObject_艏部,第五章船体分段的装配,Chapter,contains,包含,艏部,ProcessObject,实体出现在该章节文本块中,[21],"[""shiprag_p021_00024""]",0.8
Chapter_第五章船体分段的装配,Operation_落地滚翻,第五章船体分段的装配,Chapter,contains,包含,落地滚翻,Operation,实体出现在该章节文本块中,"[23, 24]","[""shiprag_p023_00026"", ""shiprag_p024_00027""]",0.8
Chapter_第五章船体分段的装配,Measurement_视准轴,第五章船体分段的装配,Chapter,contains,包含,视准轴,Measurement,实体出现在该章节文本块中,[10],"[""shiprag_p010_00011""]",0.8
Chapter_第五章船体分段的装配,ToolEquipment_读数显微镜,第五章船体分段的装配,Chapter,contains,包含,读数显微镜,ToolEquipment,实体出现在该章节文本块中,[10],"[""shiprag_p010_00011""]",0.8
Chapter_第五章船体分段的装配,ProcessObject_货舱区,第五章船体分段的装配,Chapter,contains,包含,货舱区,ProcessObject,实体出现在该章节文本块中,[21],"[""shiprag_p021_00024""]",0.8
Chapter_第五章船体分段的装配,Operation_跟踪补漆,第五章船体分段的装配,Chapter,contains,包含,跟踪补漆,Operation,实体出现在该章节文本块中,[30],"[""shiprag_p030_00037""]",0.8
Chapter_第五章船体分段的装配,Defect_跟踪补漆不全面,第五章船体分段的装配,Chapter,contains,包含,跟踪补漆不全面,Defect,三元组头实体出现在该章节,[30],"[""shiprag_p030_00037""]",0.8
Chapter_第五章船体分段的装配,Material_车间底漆,第五章船体分段的装配,Chapter,contains,包含,车间底漆,Material,实体出现在该章节文本块中,[30],"[""shiprag_p030_00036"", ""shiprag_p030_00037""]",0.8
Chapter_第五章船体分段的装配,Component_部件,第五章船体分段的装配,Chapter,contains,包含,部件,Component,实体出现在该章节文本块中,[18],"[""shiprag_p018_00020""]",0.8
Chapter_第五章船体分段的装配,ProcessObject_部件代码,第五章船体分段的装配,Chapter,contains,包含,部件代码,ProcessObject,实体出现在该章节文本块中,[18],"[""shiprag_p018_00019""]",0.8
Chapter_第五章船体分段的装配,Operation_部件装配,第五章船体分段的装配,Chapter,contains,包含,部件装配,Operation,实体出现在该章节文本块中,[19],"[""shiprag_p019_00021""]",0.8
Chapter_第五章船体分段的装配,Parameter_钢材锈蚀等级,第五章船体分段的装配,Chapter,contains,包含,钢材锈蚀等级,Parameter,实体出现在该章节文本块中,[30],"[""shiprag_p030_00037""]",0.8
Chapter_第五章船体分段的装配,Process_钢材预处理流水线,第五章船体分段的装配,Chapter,contains,包含,钢材预处理流水线,Process,实体出现在该章节文本块中,[30],"[""shiprag_p030_00036""]",0.8
Chapter_第五章船体分段的装配,Measurement_长度测量,第五章船体分段的装配,Chapter,contains,包含,长度测量,Measurement,三元组尾实体出现在该章节,[12],"[""shiprag_p012_00013""]",0.8
Chapter_第五章船体分段的装配,ToolEquipment_预处理流水线,第五章船体分段的装配,Chapter,contains,包含,预处理流水线,ToolEquipment,实体出现在该章节文本块中,[30],"[""shiprag_p030_00037""]",0.8
Chapter_第五章船体分段的装配,Measurement_高度,第五章船体分段的装配,Chapter,contains,包含,高度,Measurement,三元组尾实体出现在该章节,[11],"[""shiprag_p011_00012""]",0.8
Chapter_第六章,Component_106舱,第六章,Chapter,contains,包含,106舱,Component,实体出现在该章节文本块中,[159],"[""shiprag_p159_00184""]",0.8
Chapter_第六章,ProcessObject_202_402半立体分段,第六章,Chapter,contains,包含,202~402半立体分段,ProcessObject,实体出现在该章节文本块中,[161],"[""shiprag_p161_00186""]",0.8
Chapter_第六章,ProcessObject_206侧分段,第六章,Chapter,contains,包含,206侧分段,ProcessObject,实体出现在该章节文本块中,[161],"[""shiprag_p161_00186""]",0.8
Chapter_第六章,ProcessObject_406甲板分段,第六章,Chapter,contains,包含,406甲板分段,ProcessObject,实体出现在该章节文本块中,[161],"[""shiprag_p161_00186""]",0.8
Chapter_第六章,ProcessObject_上下分段,第六章,Chapter,contains,包含,上下分段,ProcessObject,实体出现在该章节文本块中,[177],"[""shiprag_p177_00208""]",0.8
Chapter_第六章,ProcessObject_上层建筑,第六章,Chapter,contains,包含,上层建筑,ProcessObject,实体出现在该章节文本块中,[177],"[""shiprag_p177_00207"", ""shiprag_p177_00208""]",0.8
Chapter_第六章,ProcessObject_上层建筑分段,第六章,Chapter,contains,包含,上层建筑分段,ProcessObject,实体出现在该章节文本块中,"[176, 178]","[""shiprag_p176_00205"", ""shiprag_p178_00209""]",0.8
Chapter_第六章,Component_上甲板,第六章,Chapter,contains,包含,上甲板,Component,实体出现在该章节文本块中,[172],"[""shiprag_p172_00200""]",0.8
Chapter_第六章,Component_下甲板,第六章,Chapter,contains,包含,下甲板,Component,实体出现在该章节文本块中,"[170, 171]","[""shiprag_p170_00197"", ""shiprag_p171_00199""]",0.8
Chapter_第六章,Measurement_中心线,第六章,Chapter,contains,包含,中心线,Measurement,实体出现在该章节文本块中,"[166, 170, 171]","[""shiprag_p166_00192"", ""shiprag_p166_00193"", ""shiprag_p170_00198"", ""shiprag_p171_00199""]",0.8
Chapter_第六章,ToolEquipment_中心线槽钢,第六章,Chapter,contains,包含,中心线槽钢,ToolEquipment,实体出现在该章节文本块中,[153],"[""shiprag_p153_00175""]",0.8
Chapter_第六章,Component_中段下甲板,第六章,Chapter,contains,包含,中段下甲板,Component,实体出现在该章节文本块中,[171],"[""shiprag_p171_00199""]",0.8
Chapter_第六章,Operation_临时固定分段,第六章,Chapter,contains,包含,临时固定分段,Operation,三元组尾实体出现在该章节,[176],"[""shiprag_p176_00206""]",0.8
Chapter_第六章,Material_临时支撑材料,第六章,Chapter,contains,包含,临时支撑材料,Material,实体出现在该章节文本块中,[157],"[""shiprag_p157_00180""]",0.8
Chapter_第六章,Operation_二次定位,第六章,Chapter,contains,包含,二次定位,Operation,实体出现在该章节文本块中,[173],"[""shiprag_p173_00201""]",0.8
Chapter_第六章,Parameter_余量值,第六章,Chapter,contains,包含,余量值,Parameter,实体出现在该章节文本块中,[176],"[""shiprag_p176_00206""]",0.8
Chapter_第六章,Operation_余量切割,第六章,Chapter,contains,包含,余量切割,Operation,实体出现在该章节文本块中,[165],"[""shiprag_p165_00191""]",0.8
Chapter_第六章,Measurement_余量切割线,第六章,Chapter,contains,包含,余量切割线,Measurement,实体出现在该章节文本块中,[164],"[""shiprag_p164_00190""]",0.8
Chapter_第六章,Operation_余量画线,第六章,Chapter,contains,包含,余量画线,Operation,实体出现在该章节文本块中,"[164, 173, 177]","[""shiprag_p164_00190"", ""shiprag_p173_00201"", ""shiprag_p177_00207""]",0.8
Chapter_第六章,ProcessObject_侧分段,第六章,Chapter,contains,包含,侧分段,ProcessObject,实体出现在该章节文本块中,[170],"[""shiprag_p170_00197""]",0.8
Chapter_第六章,Component_假舱壁,第六章,Chapter,contains,包含,假舱壁,Component,实体出现在该章节文本块中,[170],"[""shiprag_p170_00198""]",0.8
Chapter_第六章,Component_内底板,第六章,Chapter,contains,包含,内底板,Component,实体出现在该章节文本块中,"[166, 167, 170]","[""shiprag_p166_00193"", ""shiprag_p167_00194"", ""shiprag_p170_00198""]",0.8
Chapter_第六章,Parameter_冲势,第六章,Chapter,contains,包含,冲势,Parameter,实体出现在该章节文本块中,[177],"[""shiprag_p177_00208""]",0.8
Chapter_第六章,ProcessObject_分段,第六章,Chapter,contains,包含,分段,ProcessObject,实体出现在该章节文本块中,"[150, 161, 166, 176]","[""shiprag_p150_00172"", ""shiprag_p161_00186"", ""shiprag_p166_00192"", ""shiprag_p176_00206""]",0.8
Chapter_第六章,Process_分段上的准备工作,第六章,Chapter,contains,包含,分段上的准备工作,Process,实体出现在该章节文本块中,[157],"[""shiprag_p157_00180""]",0.8
Chapter_第六章,Parameter_分段余量画线值,第六章,Chapter,contains,包含,分段余量画线值,Parameter,实体出现在该章节文本块中,[164],"[""shiprag_p164_00190""]",0.8
Chapter_第六章,ProcessObject_分段划分图,第六章,Chapter,contains,包含,分段划分图,ProcessObject,实体出现在该章节文本块中,[159],"[""shiprag_p159_00183""]",0.8
Chapter_第六章,Process_分段吊装程序,第六章,Chapter,contains,包含,分段吊装程序,Process,实体出现在该章节文本块中,[159],"[""shiprag_p159_00183""]",0.8
Chapter_第六章,ToolEquipment_分段吊装程序图,第六章,Chapter,contains,包含,分段吊装程序图,ToolEquipment,实体出现在该章节文本块中,[159],"[""shiprag_p159_00184""]",0.8
Chapter_第六章,Operation_分段定位焊,第六章,Chapter,contains,包含,分段定位焊,Operation,实体出现在该章节文本块中,[165],"[""shiprag_p165_00191""]",0.8
Chapter_第六章,Measurement_分段对合线,第六章,Chapter,contains,包含,分段对合线,Measurement,实体出现在该章节文本块中,[157],"[""shiprag_p157_00180""]",0.8
Chapter_第六章,Operation_分段拉拢,第六章,Chapter,contains,包含,分段拉拢,Operation,实体出现在该章节文本块中,[165],"[""shiprag_p165_00191""]",0.8
Chapter_第六章,Operation_分段纵向和横向定位,第六章,Chapter,contains,包含,分段纵向和横向定位,Operation,三元组尾实体出现在该章节,[153],"[""shiprag_p153_00175""]",0.8
Chapter_第六章,Measurement_分段高度,第六章,Chapter,contains,包含,分段高度,Measurement,实体出现在该章节文本块中,[176],"[""shiprag_p176_00206""]",0.8
Chapter_第六章,Operation_分段高度方向定位,第六章,Chapter,contains,包含,分段高度方向定位,Operation,三元组尾实体出现在该章节,[153],"[""shiprag_p153_00175""]",0.8
Chapter_第六章,ToolEquipment_割嘴,第六章,Chapter,contains,包含,割嘴,ToolEquipment,三元组尾实体出现在该章节,[165],"[""shiprag_p165_00191""]",0.8
Chapter_第六章,Operation_加焊梳状马板,第六章,Chapter,contains,包含,加焊梳状马板,Operation,三元组尾实体出现在该章节,[165],"[""shiprag_p165_00191""]",0.8
Chapter_第六章,ToolEquipment_可移动作业台,第六章,Chapter,contains,包含,可移动作业台,ToolEquipment,实体出现在该章节文本块中,[154],"[""shiprag_p154_00177""]",0.8
Chapter_第六章,ToolEquipment_可调式墩木,第六章,Chapter,contains,包含,可调式墩木,ToolEquipment,实体出现在该章节文本块中,[155],"[""shiprag_p155_00178""]",0.8
Chapter_第六章,ToolEquipment_可调式脚手架,第六章,Chapter,contains,包含,可调式脚手架,ToolEquipment,实体出现在该章节文本块中,[154],"[""shiprag_p154_00177""]",0.8
Chapter_第六章,ToolEquipment_吊挂装置,第六章,Chapter,contains,包含,吊挂装置,ToolEquipment,实体出现在该章节文本块中,[153],"[""shiprag_p153_00176""]",0.8
Chapter_第六章,Process_吊装程序表,第六章,Chapter,contains,包含,吊装程序表,Process,实体出现在该章节文本块中,[161],"[""shiprag_p161_00187""]",0.8
Chapter_第六章,Component_围壁,第六章,Chapter,contains,包含,围壁,Component,实体出现在该章节文本块中,[177],"[""shiprag_p177_00208""]",0.8
Chapter_第六章,ToolEquipment_固定式脚手架,第六章,Chapter,contains,包含,固定式脚手架,ToolEquipment,实体出现在该章节文本块中,[154],"[""shiprag_p154_00177""]",0.8
Chapter_第六章,ToolEquipment_固定脚手架,第六章,Chapter,contains,包含,固定脚手架,ToolEquipment,实体出现在该章节文本块中,[153],"[""shiprag_p153_00176""]",0.8
Chapter_第六章,Measurement_垂直度,第六章,Chapter,contains,包含,垂直度,Measurement,实体出现在该章节文本块中,"[166, 167]","[""shiprag_p166_00192"", ""shiprag_p167_00194""]",0.8
Chapter_第六章,ProcessObject_基准分段,第六章,Chapter,contains,包含,基准分段,ProcessObject,实体出现在该章节文本块中,"[152, 163]","[""shiprag_p152_00174"", ""shiprag_p163_00189""]",0.8
Chapter_第六章,Measurement_基线,第六章,Chapter,contains,包含,基线,Measurement,实体出现在该章节文本块中,"[158, 176]","[""shiprag_p158_00182"", ""shiprag_p176_00205""]",0.8
Chapter_第六章,Parameter_基线坡度,第六章,Chapter,contains,包含,基线坡度,Parameter,实体出现在该章节文本块中,[178],"[""shiprag_p178_00209""]",0.8
Chapter_第六章,ToolEquipment_基线标杆,第六章,Chapter,contains,包含,基线标杆,ToolEquipment,实体出现在该章节文本块中,"[153, 158, 173]","[""shiprag_p153_00175"", ""shiprag_p158_00182"", ""shiprag_p173_00201""]",0.8
Chapter_第六章,Process_塔式建造,第六章,Chapter,contains,包含,塔式建造,Process,实体出现在该章节文本块中,[152],"[""shiprag_p152_00174""]",0.8
Chapter_第六章,ToolEquipment_墩木,第六章,Chapter,contains,包含,墩木,ToolEquipment,实体出现在该章节文本块中,[155],"[""shiprag_p155_00178""]",0.8
Chapter_第六章,Component_外围壁,第六章,Chapter,contains,包含,外围壁,Component,实体出现在该章节文本块中,[178],"[""shiprag_p178_00209""]",0.8
Chapter_第六章,Operation_定位,第六章,Chapter,contains,包含,定位,Operation,三元组尾实体出现在该章节,[174],"[""shiprag_p174_00202""]",0.8
Chapter_第六章,Measurement_定位基准线,第六章,Chapter,contains,包含,定位基准线,Measurement,实体出现在该章节文本块中,[157],"[""shiprag_p157_00180""]",0.8
Chapter_第六章,Measurement_定位水线,第六章,Chapter,contains,包含,定位水线,Measurement,实体出现在该章节文本块中,[176],"[""shiprag_p176_00206""]",0.8
Chapter_第六章,Operation_定位焊,第六章,Chapter,contains,包含,定位焊,Operation,实体出现在该章节文本块中,"[170, 172, 173, 177]","[""shiprag_p170_00197"", ""shiprag_p172_00200"", ""shiprag_p173_00201"", ""shiprag_p177_00207""]",0.8
Chapter_第六章,Process_层式建造,第六章,Chapter,contains,包含,层式建造,Process,实体出现在该章节文本块中,"[151, 152]","[""shiprag_p151_00173"", ""shiprag_p152_00174""]",0.8
Chapter_第六章,Process_岛式建造,第六章,Chapter,contains,包含,岛式建造,Process,实体出现在该章节文本块中,[152],"[""shiprag_p152_00174""]",0.8
Chapter_第六章,ProcessObject_崩1段,第六章,Chapter,contains,包含,崩1段,ProcessObject,实体出现在该章节文本块中,[174],"[""shiprag_p174_00202""]",0.8
Chapter_第六章,ProcessObject_崩2段,第六章,Chapter,contains,包含,崩2段,ProcessObject,实体出现在该章节文本块中,[174],"[""shiprag_p174_00202""]",0.8
Chapter_第六章,ProcessObject_崩3段,第六章,Chapter,contains,包含,崩3段,ProcessObject,实体出现在该章节文本块中,[174],"[""shiprag_p174_00202""]",0.8
Chapter_第六章,ProcessObject_嵌补分段,第六章,Chapter,contains,包含,嵌补分段,ProcessObject,实体出现在该章节文本块中,[152],"[""shiprag_p152_00174""]",0.8
Chapter_第六章,ProcessObject_底部,第六章,Chapter,contains,包含,底部,ProcessObject,实体出现在该章节文本块中,[161],"[""shiprag_p161_00187""]",0.8
Chapter_第六章,ProcessObject_底部分段,第六章,Chapter,contains,包含,底部分段,ProcessObject,实体出现在该章节文本块中,"[159, 163, 164, 165, 166, 168, 169, 170]","[""shiprag_p159_00184"", ""shiprag_p163_00189"", ""shiprag_p164_00190"", ""shiprag_p165_00191"", ""shiprag_p166_00192"", ""shiprag_p166_00193"", ""shiprag_p168_00195"", ""shiprag_p169_00196"", ""shiprag_p170_00197""]",0.8
Chapter_第六章,Component_底部分段,第六章,Chapter,contains,包含,底部分段,Component,实体出现在该章节文本块中,[151],"[""shiprag_p151_00173""]",0.8
Chapter_第六章,ProcessObject_建造5000吨以下的中小型船舶,第六章,Chapter,contains,包含,建造5000吨以下的中小型船舶,ProcessObject,三元组尾实体出现在该章节,[151],"[""shiprag_p151_00173""]",0.8
Chapter_第六章,ProcessObject_建造区,第六章,Chapter,contains,包含,建造区,ProcessObject,三元组尾实体出现在该章节,[152],"[""shiprag_p152_00174""]",0.8
Chapter_第六章,ToolEquipment_弹子盘千斤顶,第六章,Chapter,contains,包含,弹子盘千斤顶,ToolEquipment,实体出现在该章节文本块中,[156],"[""shiprag_p156_00179""]",0.8
Chapter_第六章,Process_形成封闭型结构,第六章,Chapter,contains,包含,形成封闭型结构,Process,三元组尾实体出现在该章节,[161],"[""shiprag_p161_00186""]",0.8
Chapter_第六章,ProcessObject_总段,第六章,Chapter,contains,包含,总段,ProcessObject,实体出现在该章节文本块中,[173],"[""shiprag_p173_00201""]",0.8
Chapter_第六章,Process_总段建造,第六章,Chapter,contains,包含,总段建造,Process,实体出现在该章节文本块中,[151],"[""shiprag_p151_00173""]",0.8
Chapter_第六章,Component_悬臂梁,第六章,Chapter,contains,包含,悬臂梁,Component,三元组尾实体出现在该章节,[154],"[""shiprag_p154_00177""]",0.8
Chapter_第六章,Component_挡板,第六章,Chapter,contains,包含,挡板,Component,实体出现在该章节文本块中,[176],"[""shiprag_p176_00205""]",0.8
Chapter_第六章,Measurement_推进器中心线,第六章,Chapter,contains,包含,推进器中心线,Measurement,实体出现在该章节文本块中,[174],"[""shiprag_p174_00203""]",0.8
Chapter_第六章,Component_支承槽钢,第六章,Chapter,contains,包含,支承槽钢,Component,实体出现在该章节文本块中,[176],"[""shiprag_p176_00206""]",0.8
Chapter_第六章,Operation_无余量船台合拢,第六章,Chapter,contains,包含,无余量船台合拢,Operation,实体出现在该章节文本块中,[161],"[""shiprag_p161_00186""]",0.8
Chapter_第六章,ToolEquipment_木尺,第六章,Chapter,contains,包含,木尺,ToolEquipment,三元组尾实体出现在该章节,[164],"[""shiprag_p164_00190""]",0.8
Chapter_第六章,Component_机舱分段,第六章,Chapter,contains,包含,机舱分段,Component,实体出现在该章节文本块中,[151],"[""shiprag_p151_00173""]",0.8
Chapter_第六章,ProcessObject_机舱半立体分段,第六章,Chapter,contains,包含,机舱半立体分段,ProcessObject,实体出现在该章节文本块中,[161],"[""shiprag_p161_00186""]",0.8
Chapter_第六章,ToolEquipment_松紧螺,第六章,Chapter,contains,包含,松紧螺,ToolEquipment,实体出现在该章节文本块中,[166],"[""shiprag_p166_00193""]",0.8
Chapter_第六章,ToolEquipment_松紧螺丝,第六章,Chapter,contains,包含,松紧螺丝,ToolEquipment,实体出现在该章节文本块中,"[163, 166, 168, 170, 171, 172, 174, 177]","[""shiprag_p163_00189"", ""shiprag_p166_00192"", ""shiprag_p168_00195"", ""shiprag_p170_00197"", ""shiprag_p171_00199"", ""shiprag_p172_00200"", ""shiprag_p174_00202"", ""shiprag_p177_00207""]",0.8
Chapter_第六章,ToolEquipment_梳状马板,第六章,Chapter,contains,包含,梳状马板,ToolEquipment,实体出现在该章节文本块中,[165],"[""shiprag_p165_00191""]",0.8
Chapter_第六章,Component_横舱壁,第六章,Chapter,contains,包含,横舱壁,Component,实体出现在该章节文本块中,[167],"[""shiprag_p167_00194""]",0.8
Chapter_第六章,ProcessObject_横舱壁分段,第六章,Chapter,contains,包含,横舱壁分段,ProcessObject,实体出现在该章节文本块中,[159],"[""shiprag_p159_00184""]",0.8
Chapter_第六章,Component_止滑器,第六章,Chapter,contains,包含,止滑器,Component,实体出现在该章节文本块中,[156],"[""shiprag_p156_00179""]",0.8
Chapter_第六章,ToolEquipment_水准仪,第六章,Chapter,contains,包含,水准仪,ToolEquipment,实体出现在该章节文本块中,[159],"[""shiprag_p159_00183""]",0.8
Chapter_第六章,Measurement_水平度,第六章,Chapter,contains,包含,水平度,Measurement,三元组尾实体出现在该章节,[167],"[""shiprag_p167_00194""]",0.8
Chapter_第六章,ProcessObject_水平船台,第六章,Chapter,contains,包含,水平船台,ProcessObject,实体出现在该章节文本块中,[151],"[""shiprag_p151_00173""]",0.8
Chapter_第六章,ToolEquipment_水平软管,第六章,Chapter,contains,包含,水平软管,ToolEquipment,实体出现在该章节文本块中,"[158, 159, 169, 173, 174, 177]","[""shiprag_p158_00182"", ""shiprag_p159_00183"", ""shiprag_p169_00196"", ""shiprag_p173_00201"", ""shiprag_p174_00202"", ""shiprag_p177_00207""]",0.8
Chapter_第六章,Operation_测量中心线偏差,第六章,Chapter,contains,包含,测量中心线偏差,Operation,三元组尾实体出现在该章节,[174],"[""shiprag_p174_00203""]",0.8
Chapter_第六章,Operation_测量分段高度,第六章,Chapter,contains,包含,测量分段高度,Operation,三元组尾实体出现在该章节,[176],"[""shiprag_p176_00206""]",0.8
Chapter_第六章,Measurement_测量总段基线高度,第六章,Chapter,contains,包含,测量总段基线高度,Measurement,三元组尾实体出现在该章节,[173],"[""shiprag_p173_00201""]",0.8
Chapter_第六章,Measurement_测量舱壁横向垂直度,第六章,Chapter,contains,包含,测量舱壁横向垂直度,Measurement,三元组尾实体出现在该章节,[168],"[""shiprag_p168_00195""]",0.8
Chapter_第六章,Measurement_测量龙骨挠度,第六章,Chapter,contains,包含,测量龙骨挠度,Measurement,三元组尾实体出现在该章节,[158],"[""shiprag_p158_00182""]",0.8
Chapter_第六章,ToolEquipment_液压千斤顶,第六章,Chapter,contains,包含,液压千斤顶,ToolEquipment,实体出现在该章节文本块中,"[155, 156, 167]","[""shiprag_p155_00178"", ""shiprag_p156_00179"", ""shiprag_p167_00194""]",0.8
Chapter_第六章,ProcessObject_滑道,第六章,Chapter,contains,包含,滑道,ProcessObject,实体出现在该章节文本块中,[156],"[""shiprag_p156_00179""]",0.8
Chapter_第六章,ToolEquipment_激光经纬仪,第六章,Chapter,contains,包含,激光经纬仪,ToolEquipment,实体出现在该章节文本块中,"[150, 157, 158, 159, 163, 165, 167, 173, 174]","[""shiprag_p150_00172"", ""shiprag_p157_00181"", ""shiprag_p158_00182"", ""shiprag_p159_00183"", ""shiprag_p163_00189"", ""shiprag_p165_00191"", ""shiprag_p167_00194"", ""shiprag_p173_00201"", ""shiprag_p174_00202"", ""shiprag_p174_00203""]",0.8
Chapter_第六章,Defect_焊接变形,第六章,Chapter,contains,包含,焊接变形,Defect,实体出现在该章节文本块中,[152],"[""shiprag_p152_00174""]",0.8
Chapter_第六章,Component_甲板,第六章,Chapter,contains,包含,甲板,Component,实体出现在该章节文本块中,"[161, 170, 176, 177]","[""shiprag_p161_00187"", ""shiprag_p170_00198"", ""shiprag_p176_00205"", ""shiprag_p177_00207"", ""shiprag_p177_00208""]",0.8
Chapter_第六章,ProcessObject_甲板分段,第六章,Chapter,contains,包含,甲板分段,ProcessObject,实体出现在该章节文本块中,[169],"[""shiprag_p169_00196""]",0.8
Chapter_第六章,Component_甲板边板,第六章,Chapter,contains,包含,甲板边板,Component,实体出现在该章节文本块中,[171],"[""shiprag_p171_00199""]",0.8
Chapter_第六章,Operation_画基线,第六章,Chapter,contains,包含,画基线,Operation,三元组尾实体出现在该章节,[158],"[""shiprag_p158_00182""]",0.8
Chapter_第六章,Operation_画高度线,第六章,Chapter,contains,包含,画高度线,Operation,三元组尾实体出现在该章节,[159],"[""shiprag_p159_00183""]",0.8
Chapter_第六章,Component_短型钢,第六章,Chapter,contains,包含,短型钢,Component,实体出现在该章节文本块中,[176],"[""shiprag_p176_00206""]",0.8
Chapter_第六章,Operation_确定分段基线高度,第六章,Chapter,contains,包含,确定分段基线高度,Operation,三元组尾实体出现在该章节,"[153, 158]","[""shiprag_p153_00175"", ""shiprag_p158_00182""]",0.8
Chapter_第六章,ToolEquipment_积术型框架式可调脚手架,第六章,Chapter,contains,包含,积术型框架式可调脚手架,ToolEquipment,实体出现在该章节文本块中,[153],"[""shiprag_p153_00176""]",0.8
Chapter_第六章,ToolEquipment_移船设备,第六章,Chapter,contains,包含,移船设备,ToolEquipment,实体出现在该章节文本块中,[156],"[""shiprag_p156_00179""]",0.8
Chapter_第六章,Component_立柱,第六章,Chapter,contains,包含,立柱,Component,三元组尾实体出现在该章节,[154],"[""shiprag_p154_00177""]",0.8
Chapter_第六章,ToolEquipment_纵向倾斜船台,第六章,Chapter,contains,包含,纵向倾斜船台,ToolEquipment,实体出现在该章节文本块中,[150],"[""shiprag_p150_00172""]",0.8
Chapter_第六章,ProcessObject_纵向倾斜船台,第六章,Chapter,contains,包含,纵向倾斜船台,ProcessObject,实体出现在该章节文本块中,[153],"[""shiprag_p153_00175""]",0.8
Chapter_第六章,Component_纵舱壁,第六章,Chapter,contains,包含,纵舱壁,Component,实体出现在该章节文本块中,"[167, 168]","[""shiprag_p167_00194"", ""shiprag_p168_00195""]",0.8
Chapter_第六章,Component_纵骨,第六章,Chapter,contains,包含,纵骨,Component,实体出现在该章节文本块中,[172],"[""shiprag_p172_00200""]",0.8
Chapter_第六章,ToolEquipment_线锤,第六章,Chapter,contains,包含,线锤,ToolEquipment,实体出现在该章节文本块中,"[167, 169]","[""shiprag_p167_00194"", ""shiprag_p169_00196""]",0.8
Chapter_第六章,Measurement_肋骨检验线,第六章,Chapter,contains,包含,肋骨检验线,Measurement,实体出现在该章节文本块中,"[157, 163, 164, 169, 170, 171, 175]","[""shiprag_p157_00181"", ""shiprag_p163_00189"", ""shiprag_p164_00190"", ""shiprag_p169_00196"", ""shiprag_p170_00198"", ""shiprag_p171_00199"", ""shiprag_p175_00204""]",0.8
Chapter_第六章,Measurement_肋骨间距,第六章,Chapter,contains,包含,肋骨间距,Measurement,实体出现在该章节文本块中,[178],"[""shiprag_p178_00209""]",0.8
Chapter_第六章,Component_肘板,第六章,Chapter,contains,包含,肘板,Component,实体出现在该章节文本块中,[170],"[""shiprag_p170_00197""]",0.8
Chapter_第六章,ToolEquipment_脚手架,第六章,Chapter,contains,包含,脚手架,ToolEquipment,实体出现在该章节文本块中,[153],"[""shiprag_p153_00176""]",0.8
Chapter_第六章,ToolEquipment_自行式作业车,第六章,Chapter,contains,包含,自行式作业车,ToolEquipment,实体出现在该章节文本块中,[154],"[""shiprag_p154_00177""]",0.8
Chapter_第六章,ProcessObject_舰段,第六章,Chapter,contains,包含,舰段,ProcessObject,实体出现在该章节文本块中,[174],"[""shiprag_p174_00203""]",0.8
Chapter_第六章,ToolEquipment_舱内吊杆式作业台,第六章,Chapter,contains,包含,舱内吊杆式作业台,ToolEquipment,实体出现在该章节文本块中,[154],"[""shiprag_p154_00177""]",0.8
Chapter_第六章,Component_舱壁,第六章,Chapter,contains,包含,舱壁,Component,实体出现在该章节文本块中,"[161, 166, 172]","[""shiprag_p161_00187"", ""shiprag_p166_00193"", ""shiprag_p172_00200""]",0.8
Chapter_第六章,Measurement_舱壁位置线,第六章,Chapter,contains,包含,舱壁位置线,Measurement,实体出现在该章节文本块中,[170],"[""shiprag_p170_00198""]",0.8
Chapter_第六章,ProcessObject_舱壁分段,第六章,Chapter,contains,包含,舱壁分段,ProcessObject,实体出现在该章节文本块中,[166],"[""shiprag_p166_00192""]",0.8
Chapter_第六章,Measurement_舱壁横向垂直度,第六章,Chapter,contains,包含,舱壁横向垂直度,Measurement,实体出现在该章节文本块中,[168],"[""shiprag_p168_00195""]",0.8
Chapter_第六章,Measurement_舵杆中心线,第六章,Chapter,contains,包含,舵杆中心线,Measurement,实体出现在该章节文本块中,"[174, 175, 176]","[""shiprag_p174_00203"", ""shiprag_p175_00204"", ""shiprag_p176_00205""]",0.8
Chapter_第六章,Measurement_舵端点,第六章,Chapter,contains,包含,舵端点,Measurement,实体出现在该章节文本块中,[175],"[""shiprag_p175_00204""]",0.8
Chapter_第六章,Measurement_舵系中心线,第六章,Chapter,contains,包含,舵系中心线,Measurement,实体出现在该章节文本块中,[175],"[""shiprag_p175_00204""]",0.8
Chapter_第六章,ProcessObject_舷侧分段,第六章,Chapter,contains,包含,舷侧分段,ProcessObject,实体出现在该章节文本块中,"[159, 168, 169]","[""shiprag_p159_00184"", ""shiprag_p168_00195"", ""shiprag_p169_00196""]",0.8
Chapter_第六章,ProcessObject_船体,第六章,Chapter,contains,包含,船体,ProcessObject,实体出现在该章节文本块中,[150],"[""shiprag_p150_00172""]",0.8
Chapter_第六章,Process_船体总装,第六章,Chapter,contains,包含,船体总装,Process,实体出现在该章节文本块中,[155],"[""shiprag_p155_00178""]",0.8
Chapter_第六章,Process_船体总装配,第六章,Chapter,contains,包含,船体总装配,Process,实体出现在该章节文本块中,[150],"[""shiprag_p150_00172""]",0.8
Chapter_第六章,ToolEquipment_船台,第六章,Chapter,contains,包含,船台,ToolEquipment,实体出现在该章节文本块中,[150],"[""shiprag_p150_00172""]",0.8
Chapter_第六章,ProcessObject_船台,第六章,Chapter,contains,包含,船台,ProcessObject,实体出现在该章节文本块中,"[153, 157, 158, 159, 164, 165]","[""shiprag_p153_00176"", ""shiprag_p157_00181"", ""shiprag_p158_00182"", ""shiprag_p159_00184"", ""shiprag_p164_00190"", ""shiprag_p165_00191""]",0.8
Chapter_第六章,Measurement_船台中心线,第六章,Chapter,contains,包含,船台中心线,Measurement,实体出现在该章节文本块中,"[157, 164, 174]","[""shiprag_p157_00181"", ""shiprag_p164_00190"", ""shiprag_p174_00203""]",0.8
Chapter_第六章,Measurement_船台半宽线,第六章,Chapter,contains,包含,船台半宽线,Measurement,实体出现在该章节文本块中,[157],"[""shiprag_p157_00181""]",0.8
Chapter_第六章,Process_船台合拢,第六章,Chapter,contains,包含,船台合拢,Process,实体出现在该章节文本块中,"[174, 178]","[""shiprag_p174_00203"", ""shiprag_p178_00209""]",0.8
Chapter_第六章,Process_船台吊装程序,第六章,Chapter,contains,包含,船台吊装程序,Process,实体出现在该章节文本块中,[161],"[""shiprag_p161_00186""]",0.8
Chapter_第六章,Measurement_船台定位基准,第六章,Chapter,contains,包含,船台定位基准,Measurement,实体出现在该章节文本块中,[157],"[""shiprag_p157_00180""]",0.8
Chapter_第六章,Process_船台总合拢,第六章,Chapter,contains,包含,船台总合拢,Process,实体出现在该章节文本块中,[163],"[""shiprag_p163_00189""]",0.8
Chapter_第六章,Process_船台总装,第六章,Chapter,contains,包含,船台总装,Process,三元组尾实体出现在该章节,[152],"[""shiprag_p152_00174""]",0.8
Chapter_第六章,ToolEquipment_船台拉桩,第六章,Chapter,contains,包含,船台拉桩,ToolEquipment,实体出现在该章节文本块中,[153],"[""shiprag_p153_00175""]",0.8
Chapter_第六章,Operation_船台画线,第六章,Chapter,contains,包含,船台画线,Operation,实体出现在该章节文本块中,[157],"[""shiprag_p157_00180""]",0.8
Chapter_第六章,Operation_船台铺墩_分段吊装定位和完工检验,第六章,Chapter,contains,包含,船台铺墩、分段吊装定位和完工检验,Operation,三元组尾实体出现在该章节,[159],"[""shiprag_p159_00183""]",0.8
Chapter_第六章,ProcessObject_船楼,第六章,Chapter,contains,包含,船楼,ProcessObject,实体出现在该章节文本块中,[161],"[""shiprag_p161_00187""]",0.8
Chapter_第六章,ToolEquipment_荡线锤,第六章,Chapter,contains,包含,荡线锤,ToolEquipment,实体出现在该章节文本块中,[168],"[""shiprag_p168_00195""]",0.8
Chapter_第六章,Component_行走台车,第六章,Chapter,contains,包含,行走台车,Component,三元组尾实体出现在该章节,[154],"[""shiprag_p154_00177""]",0.8
Chapter_第六章,ProcessObject_触侧,第六章,Chapter,contains,包含,触侧,ProcessObject,实体出现在该章节文本块中,[161],"[""shiprag_p161_00187""]",0.8
Chapter_第六章,Measurement_调整舱壁横向垂直度,第六章,Chapter,contains,包含,调整舱壁横向垂直度,Measurement,三元组尾实体出现在该章节,[168],"[""shiprag_p168_00195""]",0.8
Chapter_第六章,Component_踏板,第六章,Chapter,contains,包含,踏板,Component,实体出现在该章节文本块中,[153],"[""shiprag_p153_00176""]",0.8
Chapter_第六章,Measurement_轴孔中心线,第六章,Chapter,contains,包含,轴孔中心线,Measurement,实体出现在该章节文本块中,[176],"[""shiprag_p176_00205""]",0.8
Chapter_第六章,Measurement_轴系中心线,第六章,Chapter,contains,包含,轴系中心线,Measurement,实体出现在该章节文本块中,[175],"[""shiprag_p175_00204""]",0.8
Chapter_第六章,QualityRequirement_轴系和舵系的精度要求,第六章,Chapter,contains,包含,轴系和舵系的精度要求,QualityRequirement,实体出现在该章节文本块中,[175],"[""shiprag_p175_00204""]",0.8
Chapter_第六章,ToolEquipment_轻便式作业车,第六章,Chapter,contains,包含,轻便式作业车,ToolEquipment,实体出现在该章节文本块中,[154],"[""shiprag_p154_00177""]",0.8
Chapter_第六章,Component_边墩,第六章,Chapter,contains,包含,边墩,Component,实体出现在该章节文本块中,[155],"[""shiprag_p155_00178""]",0.8
Chapter_第六章,Operation_逐层吊装,第六章,Chapter,contains,包含,逐层吊装,Operation,实体出现在该章节文本块中,[177],"[""shiprag_p177_00208""]",0.8
Chapter_第六章,ProcessObject_造船坞,第六章,Chapter,contains,包含,造船坞,ProcessObject,实体出现在该章节文本块中,"[151, 153]","[""shiprag_p151_00173"", ""shiprag_p153_00175""]",0.8
Chapter_第六章,ToolEquipment_钢卷尺,第六章,Chapter,contains,包含,钢卷尺,ToolEquipment,实体出现在该章节文本块中,[157],"[""shiprag_p157_00181""]",0.8
Chapter_第六章,Component_靠板,第六章,Chapter,contains,包含,靠板,Component,实体出现在该章节文本块中,[166],"[""shiprag_p166_00193""]",0.8
Chapter_第六章,ToolEquipment_马板,第六章,Chapter,contains,包含,马板,ToolEquipment,实体出现在该章节文本块中,[172],"[""shiprag_p172_00200""]",0.8
Chapter_第六章,ToolEquipment_高度标杆,第六章,Chapter,contains,包含,高度标杆,ToolEquipment,实体出现在该章节文本块中,"[153, 159, 176, 178]","[""shiprag_p153_00175"", ""shiprag_p159_00183"", ""shiprag_p176_00206"", ""shiprag_p178_00209""]",0.8
Chapter_第六章,Component_龙骨墩,第六章,Chapter,contains,包含,龙骨墩,Component,实体出现在该章节文本块中,"[155, 156]","[""shiprag_p155_00178"", ""shiprag_p156_00179""]",0.8
Chapter_第六章,Measurement_龙骨挠度,第六章,Chapter,contains,包含,龙骨挠度,Measurement,实体出现在该章节文本块中,[158],"[""shiprag_p158_00182""]",0.8
Chapter_第四章,Measurement_中心线,第四章,Chapter,contains,包含,中心线,Measurement,实体出现在该章节文本块中,"[96, 97]","[""shiprag_p096_00112"", ""shiprag_p097_00113""]",0.8
Chapter_第四章,Component_临时加强材,第四章,Chapter,contains,包含,临时加强材,Component,实体出现在该章节文本块中,[103],"[""shiprag_p103_00119""]",0.8
Chapter_第四章,ProcessObject_主船体,第四章,Chapter,contains,包含,主船体,ProcessObject,三元组尾实体出现在该章节,"[96, 98]","[""shiprag_p096_00112"", ""shiprag_p098_00114""]",0.8
Chapter_第四章,QualityRequirement_保持围壁直线度,第四章,Chapter,contains,包含,保持围壁直线度,QualityRequirement,三元组尾实体出现在该章节,[103],"[""shiprag_p103_00119""]",0.8
Chapter_第四章,ProcessObject_信号设备,第四章,Chapter,contains,包含,信号设备,ProcessObject,三元组尾实体出现在该章节,[104],"[""shiprag_p104_00120""]",0.8
Chapter_第四章,Component_内围壁,第四章,Chapter,contains,包含,内围壁,Component,实体出现在该章节文本块中,[102],"[""shiprag_p102_00118""]",0.8
Chapter_第四章,Component_分段II,第四章,Chapter,contains,包含,分段II,Component,实体出现在该章节文本块中,[97],"[""shiprag_p097_00113""]",0.8
Chapter_第四章,Operation_切割,第四章,Chapter,contains,包含,切割,Operation,实体出现在该章节文本块中,[106],"[""shiprag_p106_00123""]",0.8
Chapter_第四章,Component_单桅,第四章,Chapter,contains,包含,单桅,Component,实体出现在该章节文本块中,[104],"[""shiprag_p104_00120""]",0.8
Chapter_第四章,Operation_卧装,第四章,Chapter,contains,包含,卧装,Operation,实体出现在该章节文本块中,[98],"[""shiprag_p098_00114""]",0.8
Chapter_第四章,Operation_卧装方式,第四章,Chapter,contains,包含,卧装方式,Operation,实体出现在该章节文本块中,[96],"[""shiprag_p096_00112""]",0.8
Chapter_第四章,Component_压筋围壁,第四章,Chapter,contains,包含,压筋围壁,Component,实体出现在该章节文本块中,[102],"[""shiprag_p102_00118""]",0.8
Chapter_第四章,Parameter_双U型坡口,第四章,Chapter,contains,包含,双U型坡口,Parameter,实体出现在该章节文本块中,[99],"[""shiprag_p099_00115""]",0.8
Chapter_第四章,ProcessObject_双层底分段,第四章,Chapter,contains,包含,双层底分段,ProcessObject,实体出现在该章节文本块中,[100],"[""shiprag_p100_00116""]",0.8
Chapter_第四章,ProcessObject_双层底框架,第四章,Chapter,contains,包含,双层底框架,ProcessObject,实体出现在该章节文本块中,[100],"[""shiprag_p100_00116""]",0.8
Chapter_第四章,Component_双层底框架部件,第四章,Chapter,contains,包含,双层底框架部件,Component,实体出现在该章节文本块中,[101],"[""shiprag_p101_00117""]",0.8
Chapter_第四章,Process_反变形,第四章,Chapter,contains,包含,反变形,Process,实体出现在该章节文本块中,[97],"[""shiprag_p097_00113""]",0.8
Chapter_第四章,Parameter_反变形,第四章,Chapter,contains,包含,反变形,Parameter,实体出现在该章节文本块中,[96],"[""shiprag_p096_00112""]",0.8
Chapter_第四章,Operation_合拢,第四章,Chapter,contains,包含,合拢,Operation,实体出现在该章节文本块中,[100],"[""shiprag_p100_00116""]",0.8
Chapter_第四章,Component_吊货杆,第四章,Chapter,contains,包含,吊货杆,Component,实体出现在该章节文本块中,[104],"[""shiprag_p104_00120""]",0.8
Chapter_第四章,Component_围壁,第四章,Chapter,contains,包含,围壁,Component,实体出现在该章节文本块中,[103],"[""shiprag_p103_00119""]",0.8
Chapter_第四章,Component_围板,第四章,Chapter,contains,包含,围板,Component,实体出现在该章节文本块中,[108],"[""shiprag_p108_00125""]",0.8
Chapter_第四章,Component_垂直扶强材,第四章,Chapter,contains,包含,垂直扶强材,Component,实体出现在该章节文本块中,[107],"[""shiprag_p107_00124""]",0.8
Chapter_第四章,Component_垂直隔板,第四章,Chapter,contains,包含,垂直隔板,Component,实体出现在该章节文本块中,[109],"[""shiprag_p109_00126""]",0.8
Chapter_第四章,Component_外围壁,第四章,Chapter,contains,包含,外围壁,Component,实体出现在该章节文本块中,[102],"[""shiprag_p102_00118""]",0.8
Chapter_第四章,Operation_定位,第四章,Chapter,contains,包含,定位,Operation,三元组尾实体出现在该章节,"[107, 110]","[""shiprag_p107_00124"", ""shiprag_p110_00127""]",0.8
Chapter_第四章,Operation_定位焊,第四章,Chapter,contains,包含,定位焊,Operation,实体出现在该章节文本块中,[108],"[""shiprag_p108_00125""]",0.8
Chapter_第四章,ProcessObject_平台,第四章,Chapter,contains,包含,平台,ProcessObject,三元组尾实体出现在该章节,[102],"[""shiprag_p102_00118""]",0.8
Chapter_第四章,ToolEquipment_平台,第四章,Chapter,contains,包含,平台,ToolEquipment,实体出现在该章节文本块中,[101],"[""shiprag_p101_00117""]",0.8
Chapter_第四章,Component_平面围壁,第四章,Chapter,contains,包含,平面围壁,Component,实体出现在该章节文本块中,[102],"[""shiprag_p102_00118""]",0.8
Chapter_第四章,Component_弧形板,第四章,Chapter,contains,包含,弧形板,Component,实体出现在该章节文本块中,[109],"[""shiprag_p109_00126""]",0.8
Chapter_第四章,ToolEquipment_总装胎架,第四章,Chapter,contains,包含,总装胎架,ToolEquipment,实体出现在该章节文本块中,[104],"[""shiprag_p104_00120""]",0.8
Chapter_第四章,Component_扁钢,第四章,Chapter,contains,包含,扁钢,Component,实体出现在该章节文本块中,[109],"[""shiprag_p109_00126""]",0.8
Chapter_第四章,Operation_手工电弧焊,第四章,Chapter,contains,包含,手工电弧焊,Operation,实体出现在该章节文本块中,[99],"[""shiprag_p099_00115""]",0.8
Chapter_第四章,Component_扶强材,第四章,Chapter,contains,包含,扶强材,Component,实体出现在该章节文本块中,"[102, 103, 106]","[""shiprag_p102_00118"", ""shiprag_p103_00119"", ""shiprag_p106_00123""]",0.8
Chapter_第四章,Measurement_扶强材位置线,第四章,Chapter,contains,包含,扶强材位置线,Measurement,实体出现在该章节文本块中,[103],"[""shiprag_p103_00119""]",0.8
Chapter_第四章,Parameter_折角,第四章,Chapter,contains,包含,折角,Parameter,实体出现在该章节文本块中,[97],"[""shiprag_p097_00113""]",0.8
Chapter_第四章,Component_方窗孔,第四章,Chapter,contains,包含,方窗孔,Component,实体出现在该章节文本块中,[103],"[""shiprag_p103_00119""]",0.8
Chapter_第四章,Component_桅杆,第四章,Chapter,contains,包含,桅杆,Component,实体出现在该章节文本块中,[104],"[""shiprag_p104_00120""]",0.8
Chapter_第四章,Component_桅杆柱体,第四章,Chapter,contains,包含,桅杆柱体,Component,实体出现在该章节文本块中,[104],"[""shiprag_p104_00120""]",0.8
Chapter_第四章,Operation_正装,第四章,Chapter,contains,包含,正装,Operation,实体出现在该章节文本块中,[98],"[""shiprag_p098_00114""]",0.8
Chapter_第四章,Component_水平桁材,第四章,Chapter,contains,包含,水平桁材,Component,实体出现在该章节文本块中,"[106, 107]","[""shiprag_p106_00123"", ""shiprag_p107_00124""]",0.8
Chapter_第四章,Component_水平隔板,第四章,Chapter,contains,包含,水平隔板,Component,实体出现在该章节文本块中,[109],"[""shiprag_p109_00126""]",0.8
Chapter_第四章,ProcessObject_流线型舵,第四章,Chapter,contains,包含,流线型舵,ProcessObject,实体出现在该章节文本块中,[108],"[""shiprag_p108_00125""]",0.8
Chapter_第四章,ProcessObject_烟囱,第四章,Chapter,contains,包含,烟囱,ProcessObject,实体出现在该章节文本块中,[108],"[""shiprag_p108_00125""]",0.8
Chapter_第四章,ProcessObject_烟窗围板,第四章,Chapter,contains,包含,烟窗围板,ProcessObject,实体出现在该章节文本块中,[107],"[""shiprag_p107_00124""]",0.8
Chapter_第四章,Process_烟窗围板的装配,第四章,Chapter,contains,包含,烟窗围板的装配,Process,三元组尾实体出现在该章节,[107],"[""shiprag_p107_00124""]",0.8
Chapter_第四章,Operation_焊接,第四章,Chapter,contains,包含,焊接,Operation,实体出现在该章节文本块中,[106],"[""shiprag_p106_00123""]",0.8
Chapter_第四章,Component_甲板室围壁,第四章,Chapter,contains,包含,甲板室围壁,Component,实体出现在该章节文本块中,[102],"[""shiprag_p102_00118""]",0.8
Chapter_第四章,Process_电渣焊,第四章,Chapter,contains,包含,电渣焊,Process,实体出现在该章节文本块中,[96],"[""shiprag_p096_00112""]",0.8
Chapter_第四章,Operation_电渣焊,第四章,Chapter,contains,包含,电渣焊,Operation,实体出现在该章节文本块中,[98],"[""shiprag_p098_00114""]",0.8
Chapter_第四章,Operation_矫正变形,第四章,Chapter,contains,包含,矫正变形,Operation,实体出现在该章节文本块中,[106],"[""shiprag_p106_00123""]",0.8
Chapter_第四章,Parameter_窗口中心线离上缘的距离B,第四章,Chapter,contains,包含,窗口中心线离上缘的距离B,Parameter,实体出现在该章节文本块中,[103],"[""shiprag_p103_00119""]",0.8
Chapter_第四章,Operation_窗口开孔中心定位,第四章,Chapter,contains,包含,窗口开孔中心定位,Operation,三元组尾实体出现在该章节,[103],"[""shiprag_p103_00119""]",0.8
Chapter_第四章,ProcessObject_立体框架,第四章,Chapter,contains,包含,立体框架,ProcessObject,实体出现在该章节文本块中,[100],"[""shiprag_p100_00116""]",0.8
Chapter_第四章,Process_立体框架的装配,第四章,Chapter,contains,包含,立体框架的装配,Process,实体出现在该章节文本块中,[100],"[""shiprag_p100_00116""]",0.8
Chapter_第四章,Process_立体框架装配,第四章,Chapter,contains,包含,立体框架装配,Process,实体出现在该章节文本块中,[101],"[""shiprag_p101_00117""]",0.8
Chapter_第四章,Component_纵桁,第四章,Chapter,contains,包含,纵桁,Component,实体出现在该章节文本块中,[101],"[""shiprag_p101_00117""]",0.8
Chapter_第四章,ToolEquipment_线锤,第四章,Chapter,contains,包含,线锤,ToolEquipment,实体出现在该章节文本块中,"[101, 107]","[""shiprag_p101_00117"", ""shiprag_p107_00124""]",0.8
Chapter_第四章,Component_肋板,第四章,Chapter,contains,包含,肋板,Component,实体出现在该章节文本块中,[101],"[""shiprag_p101_00117""]",0.8
Chapter_第四章,Component_肘板,第四章,Chapter,contains,包含,肘板,Component,实体出现在该章节文本块中,[108],"[""shiprag_p108_00125""]",0.8
Chapter_第四章,ToolEquipment_胎板,第四章,Chapter,contains,包含,胎板,ToolEquipment,实体出现在该章节文本块中,"[99, 104]","[""shiprag_p099_00115"", ""shiprag_p104_00120""]",0.8
Chapter_第四章,ToolEquipment_胎架,第四章,Chapter,contains,包含,胎架,ToolEquipment,实体出现在该章节文本块中,"[96, 97, 98, 99, 102, 107, 110]","[""shiprag_p096_00112"", ""shiprag_p097_00113"", ""shiprag_p098_00114"", ""shiprag_p099_00115"", ""shiprag_p102_00118"", ""shiprag_p107_00124"", ""shiprag_p110_00127""]",0.8
Chapter_第四章,Component_舰柱,第四章,Chapter,contains,包含,舰柱,Component,实体出现在该章节文本块中,"[96, 97, 98]","[""shiprag_p096_00112"", ""shiprag_p097_00113"", ""shiprag_p098_00114""]",0.8
Chapter_第四章,ProcessObject_舵叶,第四章,Chapter,contains,包含,舵叶,ProcessObject,实体出现在该章节文本块中,"[109, 110]","[""shiprag_p109_00126"", ""shiprag_p110_00127""]",0.8
Chapter_第四章,Component_舵叶板,第四章,Chapter,contains,包含,舵叶板,Component,三元组头实体出现在该章节,"[109, 110]","[""shiprag_p109_00126"", ""shiprag_p110_00127""]",0.8
Chapter_第四章,Component_船体强度构件,第四章,Chapter,contains,包含,船体强度构件,Component,三元组尾实体出现在该章节,[102],"[""shiprag_p102_00118""]",0.8
Chapter_第四章,ProcessObject_边舱分段,第四章,Chapter,contains,包含,边舱分段,ProcessObject,实体出现在该章节文本块中,[100],"[""shiprag_p100_00116""]",0.8
Chapter_第四章,Component_钢板鳍柱,第四章,Chapter,contains,包含,钢板鳍柱,Component,实体出现在该章节文本块中,[99],"[""shiprag_p099_00115""]",0.8
Chapter_第四章,Component_铸钢件,第四章,Chapter,contains,包含,铸钢件,Component,实体出现在该章节文本块中,[110],"[""shiprag_p110_00127""]",0.8
Chapter_第四章,Component_铸钢件接头,第四章,Chapter,contains,包含,铸钢件接头,Component,实体出现在该章节文本块中,[99],"[""shiprag_p099_00115""]",0.8
Chapter_第四章,Component_铸钢舵杆套筒,第四章,Chapter,contains,包含,铸钢舵杆套筒,Component,实体出现在该章节文本块中,[109],"[""shiprag_p109_00126""]",0.8
Chapter_第四章,Component_隔板,第四章,Chapter,contains,包含,隔板,Component,实体出现在该章节文本块中,[110],"[""shiprag_p110_00127""]",0.8
Chapter_第四章,Component_鞘柱板,第四章,Chapter,contains,包含,鞘柱板,Component,三元组尾实体出现在该章节,[99],"[""shiprag_p099_00115""]",0.8
Chapter_第四章,Component_顶围板,第四章,Chapter,contains,包含,顶围板,Component,实体出现在该章节文本块中,[108],"[""shiprag_p108_00125""]",0.8
Chapter_第四章,Component_顶盖板,第四章,Chapter,contains,包含,顶盖板,Component,实体出现在该章节文本块中,"[106, 107]","[""shiprag_p106_00123"", ""shiprag_p107_00124""]",0.8
Chapter_第四章,Component_鳍柱,第四章,Chapter,contains,包含,鳍柱,Component,实体出现在该章节文本块中,[98],"[""shiprag_p098_00114""]",0.8
ProcessObject_组立树,Operation_中组立,组立树,ProcessObject,contains,包含,中组立,Operation,"1-2为中组立或中合拢,即组合件、子分段装配",[117],"[""shiprag_p117_00135""]",0.9
ProcessObject_组立树,Operation_大组立,组立树,ProcessObject,contains,包含,大组立,Operation,"在组立树中: 1-1为大组立或大合拢,即分段装配",[117],"[""shiprag_p117_00135""]",0.9
ProcessObject_组立树,Operation_小组立,组立树,ProcessObject,contains,包含,小组立,Operation,"1-3为小组立或小合找,即部件装配",[117],"[""shiprag_p117_00135""]",0.9
Measurement_肋骨型线,ProcessObject_型值表,肋骨型线,Measurement,contains,包含,型值表,ProcessObject,编制包括辅助肋骨线在内的全船肋骨型线的半宽和高度型值表,[48],"[""shiprag_p048_00058""]",0.8
ProcessObject_肋骨型线图,Measurement_结构线,肋骨型线图,ProcessObject,contains,包含,结构线,Measurement,肋骨型线图中的结构线包括：外板的级横接缝线；纵向构件与外板或甲板型表面的交线等,[51],"[""shiprag_p051_00063""]",0.9
Process_船体修理,Operation_大修,船体修理,Process,contains,包含,大修,Operation,按照修理范围和周期的不同，船舶修理分以下三类。3.大修,[179],"[""shiprag_p179_00210""]",0.9
Process_船体修理,Operation_小修,船体修理,Process,contains,包含,小修,Operation,按照修理范围和周期的不同，船舶修理分以下三类。2.小修,[179],"[""shiprag_p179_00210""]",0.9
Process_船体修理,Operation_航修,船体修理,Process,contains,包含,航修,Operation,按照修理范围和周期的不同，船舶修理分以下三类。1.航修,[179],"[""shiprag_p179_00210""]",0.9
Process_船体放样,Operation_理论型线放样,船体放样,Process,contains,包含,理论型线放样,Operation,理论型线放样根据理论型线图进行船体理论型线图的放样和修改,[33],"[""shiprag_p033_00040""]",0.95
Process_船体放样,Operation_结构线放样,船体放样,Process,contains,包含,结构线放样,Operation,结构线放样在肋骨型线图上画出全船结构投影,[33],"[""shiprag_p033_00040""]",0.95
Process_船体放样,Operation_肋骨型线放样,船体放样,Process,contains,包含,肋骨型线放样,Operation,肋骨型线放样在理论型线图上插入肋骨线，获得每档肋骨型线,[33],"[""shiprag_p033_00040""]",0.95
Process_船体装配程序,Operation_分段装配,船体装配程序,Process,contains,包含,分段装配,Operation,"3分段装配即大组立或大合拢,包括大分段、总段装配;",[19],"[""shiprag_p019_00021""]",0.9
Process_船体装配程序,Operation_组合件装配,船体装配程序,Process,contains,包含,组合件装配,Operation,"2组合件装配即中组立或中合拢,包括子分段装配;",[19],"[""shiprag_p019_00021""]",0.9
Process_船体装配程序,Operation_部件装配,船体装配程序,Process,contains,包含,部件装配,Operation,与结构单元划分相对应的装配程序依次是:1部件装配即小组立或小合拢;,[19],"[""shiprag_p019_00021""]",0.9
Process_补板,Operation_挖补,补板,Process,contains,包含,挖补,Operation,补板分挖补和贴补两种,[189],"[""shiprag_p189_00226""]",0.9
Process_补板,Operation_贴补,补板,Process,contains,包含,贴补,Operation,补板分挖补和贴补两种,[189],"[""shiprag_p189_00226""]",0.9
Process_钢材预处理流水线,Process_一次除锈,钢材预处理流水线,Process,contains,包含,一次除锈,Process,钢材的除锈常和钢材矫正、喷涂底漆组成钢材预处理流水线,[30],"[""shiprag_p030_00036""]",0.9
ProcessObject_上下分段,Parameter_冲势,上下分段,ProcessObject,controls,控制指标,冲势,Parameter,上下分段的冲势应一致,[177],"[""shiprag_p177_00208""]",0.8
Measurement_中性层位置,Parameter_相对弯曲半径r_t,中性层位置,Measurement,controls,控制指标,相对弯曲半径r/t,Parameter,"弯曲板材的中性层位置,与其相对弯曲半径r/t有关",[85],"[""shiprag_p085_00101""]",0.95
Measurement_二次除锈率,Measurement_涂装效率,二次除锈率,Measurement,controls,控制指标,涂装效率,Measurement,采取一切措施最大限度地降低二次除锈率，是提高涂装效率的关键所在。,[29],"[""shiprag_p029_00035""]",0.9
Measurement_共同凹陷变形的允许挠度,Defect_船体构件凹陷变形,共同凹陷变形的允许挠度,Measurement,controls,控制指标,船体构件凹陷变形,Defect,船体构件凹陷变形的允许挠度，最大允许值见表7-3,[182],"[""shiprag_p182_00215""]",0.9
Process_分段制造,StandardSafety_分段制造精度标准,分段制造,Process,controls,控制指标,分段制造精度标准,StandardSafety,使分段完工误差控制在规定的精度标准范围内,[144],"[""shiprag_p144_00165""]",0.8
Parameter_分段尺度,Defect_分段弯曲变形,分段尺度,Parameter,controls,控制指标,分段弯曲变形,Defect,分段尺度是影响分段完工精度的一个重要因素,[146],"[""shiprag_p146_00167""]",0.8
Operation_刚性固定,Defect_焊接变形,刚性固定,Operation,controls,控制指标,焊接变形,Defect,经过刚性固定的分段，焊接后的四角水平度和边缘直线度较容易控制在允许偏差以内,[148],"[""shiprag_p148_00170""]",0.9
Parameter_吊环间距,Parameter_吊索夹角,吊环间距,Parameter,controls,控制指标,吊索夹角,Parameter,"吊环间距应和吊索长度匹配,以使两根吊索间的夹角不大于60°",[24],"[""shiprag_p024_00028""]",0.9
ProcessObject_型线,QualityRequirement_光顺性,型线,ProcessObject,controls,控制指标,光顺性,QualityRequirement,型线的修改主要应满足光顺性要求,[43],"[""shiprag_p043_00053""]",0.9
Process_尺寸补偿系统,Defect_焊接变形,尺寸补偿系统,Process,controls,控制指标,焊接变形,Defect,预先确定一个合理的补偿值，以抵消因焊接产生的收缩变形,[146],"[""shiprag_p146_00167""]",0.8
Parameter_横向反变形值,Defect_分段横向的上趣变形,横向反变形值,Parameter,controls,控制指标,分段横向的上趣变形,Defect,横向反变形值的计算公式为y = (2/1000 ~ 3/1000)B,[146],"[""shiprag_p146_00168""]",0.8
QualityRequirement_海船船体蚀耗极限,Component_强力甲板,海船船体蚀耗极限,QualityRequirement,controls,控制指标,强力甲板,Component,表7~1海船船体蚀耗极限(%)构件航区第一组构件强力甲板下甲板,[182],"[""shiprag_p182_00215""]",0.8
Process_碳弧气刨,Parameter_电流强度,碳弧气刨,Process,controls,控制指标,电流强度,Parameter,要根据钢板厚度合理选择碳棒规格和电流强度,[27],"[""shiprag_p027_00032""]",0.8
Process_碳弧气刨,Parameter_碳棒与工件夹角,碳弧气刨,Process,controls,控制指标,碳棒与工件夹角,Parameter,开始时，使碳棒与工件表面成15°~30°倾角，再逐渐增大至25°~40°。,[28],"[""shiprag_p028_00033""]",0.9
Measurement_肋骨检验线,QualityRequirement_轴系和舵系的精度要求,肋骨检验线,Measurement,controls,控制指标,轴系和舵系的精度要求,QualityRequirement,测量分段上肋骨检验线、舵杆中心线及舵端点的位置，首先满足轴系和舵系的精度要求,[175],"[""shiprag_p175_00204""]",0.8
ToolEquipment_胎架,Measurement_反变形值,胎架,ToolEquipment,controls,控制指标,反变形值,Measurement,胎架的反变形值有计算公式。,[147],"[""shiprag_p147_00169""]",0.9
Parameter_胎架基面,ProcessObject_分段,胎架基面,Parameter,controls,控制指标,分段,ProcessObject,确定胎架基面时，应使分段处于尽可能平坦的位置,[123],"[""shiprag_p123_00141""]",0.8
Measurement_舵系中心线,QualityRequirement_轴系和舵系的精度要求,舵系中心线,Measurement,controls,控制指标,轴系和舵系的精度要求,QualityRequirement,轴系和舵系的中心线偏差应控制在5mm以内,[175],"[""shiprag_p175_00204""]",0.9
Process_船台合拢,Component_外围壁,船台合拢,Process,controls,控制指标,外围壁,Component,"段合拢时,应使上下层外围壁互相对准,偏差不得超过±4mm",[178],"[""shiprag_p178_00209""]",0.9
Measurement_轴系中心线,QualityRequirement_轴系和舵系的精度要求,轴系中心线,Measurement,controls,控制指标,轴系和舵系的精度要求,QualityRequirement,轴系和舵系的中心线偏差应控制在5mm以内,[175],"[""shiprag_p175_00204""]",0.9
Parameter_钢材锈蚀等级,ToolEquipment_预处理流水线,钢材锈蚀等级,Parameter,controls,控制指标,预处理流水线,ToolEquipment,预处理流水线如仍按A级钢材的工艺参数进行处理，必然造成除锈质量下降,[30],"[""shiprag_p030_00037""]",0.85
Measurement_间隙,Operation_插入式装配,间隙,Measurement,controls,控制指标,插入式装配,Operation,由于纵桁、肋板的厚度和切割精度不同，使所装构件的间隙难以控制，需用水平尺对间断构件的垂直边进行画线修割，采用插入式装配,[126],"[""shiprag_p126_00144""]",0.85
Process_修船作业,StandardSafety_安全操作规程,修船作业,Process,follows,后续工序,安全操作规程,StandardSafety,在进行修船作业时，尚须严格遵守下列安全操作规程。,[181],"[""shiprag_p181_00213""]",0.9
Component_106舱,ProcessObject_船台,106舱,Component,located_at,位置关系,船台,ProcessObject,以靠近机舱的106舱作为基准段首先吊上船台,[159],"[""shiprag_p159_00184""]",0.9
ProcessObject_上层建筑分段,Component_甲板,上层建筑分段,ProcessObject,located_at,位置关系,甲板,Component,上层建筑分段与下方结构的连接，在甲板上面出位置线,[176],"[""shiprag_p176_00205""]",0.9
Component_中桁材,Component_肋板之间,中桁材,Component,located_at,位置关系,肋板之间,Component,将间断中桁材插入肋板之间,[140],"[""shiprag_p140_00160""]",0.9
Component_中段下甲板,Component_甲板边板,中段下甲板,Component,located_at,位置关系,甲板边板,Component,中段下甲板的船台合拢叠放在舷侧分段的甲板边板上,[171],"[""shiprag_p171_00199""]",0.9
Component_侧纵桁,Component_零号舱壁,侧纵桁,Component,located_at,位置关系,零号舱壁,Component,安装零号舱壁向前的炫侧纵桁,[141],"[""shiprag_p141_00161""]",0.9
Component_内底板,Measurement_肋骨检验线,内底板,Component,located_at,位置关系,肋骨检验线,Measurement,将内底板上的中心线、肋骨检验线重新标画清楚,[170],"[""shiprag_p170_00198""]",0.9
Defect_凹陷,Component_外板,凹陷,Defect,located_at,位置关系,外板,Component,外板、甲板、舱壁等板材结构受到外力会产生凹陷,[180],"[""shiprag_p180_00212""]",0.85
Component_分段II,ToolEquipment_胎架,分段II,Component,located_at,位置关系,胎架,ToolEquipment,将II段吊上胎架定位,[97],"[""shiprag_p097_00113""]",0.9
Component_分段企口板,Component_分段边缘,分段企口板,Component,located_at,位置关系,分段边缘,Component,分段企口板织纵缝位置板缝的布置,[56],"[""shiprag_p056_00069""]",0.8
ProcessObject_分段大接缝,Measurement_同一剖面,分段大接缝,ProcessObject,located_at,位置关系,同一剖面,Measurement,"分段大接缝的壳板和骨架,应尽可能位于同一剖面内",[14],"[""shiprag_p014_00015""]",0.9
Component_吊环,Component_刚性构件,吊环,Component,located_at,位置关系,刚性构件,Component,或至少布置在分段的一根刚性构件上,[24],"[""shiprag_p024_00028""]",0.8
Component_吊环,Component_纵横骨架交叉处,吊环,Component,located_at,位置关系,纵横骨架交叉处,Component,吊环应安装在纵横骨架交叉处,[24],"[""shiprag_p024_00028""]",0.9
Component_垂直加强板,Component_尖舱平台,垂直加强板,Component,located_at,位置关系,尖舱平台,Component,对准尖舱平台和助板上的中心线和位置线,[141],"[""shiprag_p141_00162""]",0.9
Process_实尺放样,ProcessObject_放样间,实尺放样,Process,located_at,位置关系,放样间,ProcessObject,在放样间的地板上完成理论型线放样,[33],"[""shiprag_p033_00041""]",0.7
ProcessObject_底部分段,ProcessObject_船台,底部分段,ProcessObject,located_at,位置关系,船台,ProcessObject,底部分段在船台上的定位、调整和固定,"[12, 164]","[""shiprag_p012_00013"", ""shiprag_p164_00190""]",0.9
Defect_弯曲,Component_肋骨,弯曲,Defect,located_at,位置关系,肋骨,Component,引起肋骨、横梁、纵骨、纵桁和艏艉柱的弯曲,[180],"[""shiprag_p180_00212""]",0.85
Component_批龙骨,Component_舭部,批龙骨,Component,located_at,位置关系,舭部,Component,批龙骨设置于船舶批部外侧,[53],"[""shiprag_p053_00065""]",0.9
Component_方窗孔,Component_围壁,方窗孔,Component,located_at,位置关系,围壁,Component,围壁上所开方窗孔中心的计算方法与此相同,[103],"[""shiprag_p103_00119""]",0.8
Component_毗龙骨,Component_外板,毗龙骨,Component,located_at,位置关系,外板,Component,毗龙骨与外板相交的内口线,[54],"[""shiprag_p054_00066""]",0.9
Defect_渗漏,Component_焊缝,渗漏,Defect,located_at,位置关系,焊缝,Component,焊接船体的渗漏大多出现在船体外板、甲板和水密舱壁的焊缝处,[185],"[""shiprag_p185_00219""]",0.9
Component_甲板,Measurement_中心线,甲板,Component,located_at,位置关系,中心线,Measurement,在甲板上将中心线、肋骨检验线重新标划清楚,[170],"[""shiprag_p170_00198""]",0.9
Measurement_甲板梁拱,ProcessObject_船中,甲板梁拱,Measurement,located_at,位置关系,船中,ProcessObject,甲板梁拱在船中处为最大值。,[38],"[""shiprag_p038_00048""]",0.9
Component_甲板间倾斜前围壁,Component_上下甲板,甲板间倾斜前围壁,Component,located_at,位置关系,上下甲板,Component,上下方甲板有相同的脊弧和梁拱,[93],"[""shiprag_p093_00109""]",0.8
ToolEquipment_积术型框架式可调脚手架,ProcessObject_船台,积术型框架式可调脚手架,ToolEquipment,located_at,位置关系,船台,ProcessObject,既可安置于船台，也可借助吊挂装置悬挂于侧,[153],"[""shiprag_p153_00176""]",0.9
Component_纵向构件,ProcessObject_肋骨型线图,纵向构件,Component,located_at,位置关系,肋骨型线图,ProcessObject,纵向构件在肋骨型线图中的投影积聚成一条直线,[51],"[""shiprag_p051_00063""]",0.9
Component_肋板,ToolEquipment_胎架,肋板,Component,located_at,位置关系,胎架,ToolEquipment,将肋板整体吊上胎架,[137],"[""shiprag_p137_00157""]",0.9
Component_舵叶板,ToolEquipment_胎架,舵叶板,Component,located_at,位置关系,胎架,ToolEquipment,将舵叶板与胎架拉紧,[110],"[""shiprag_p110_00127""]",0.9
Measurement_舵杆中心线,Measurement_推进器中心线,舵杆中心线,Measurement,located_at,位置关系,推进器中心线,Measurement,必须保证能杆中心线和推进器中心线在同一平面内,[174],"[""shiprag_p174_00203""]",0.9
Measurement_船台中心线,ProcessObject_船台,船台中心线,Measurement,located_at,位置关系,船台,ProcessObject,将所得各点连成直线即为船台中心线,[157],"[""shiprag_p157_00181""]",0.9
Measurement_船台半宽线,ProcessObject_船台,船台半宽线,Measurement,located_at,位置关系,船台,ProcessObject,常绘制船台半宽线，这条线距中心线一般小于船舶半宽1~2m,[157],"[""shiprag_p157_00181""]",0.9
Component_靠板,Component_内底板,靠板,Component,located_at,位置关系,内底板,Component,在内底板的舱壁位置线处焊上几只靠板,[166],"[""shiprag_p166_00193""]",0.9
Component_下甲板,Measurement_中心线,下甲板,Component,measures,测量指标,中心线,Measurement,使其端的中心线对准内底板及横舱壁上的中心线,[171],"[""shiprag_p171_00199""]",0.8
ProcessObject_侧分段,Measurement_高度,侧分段,ProcessObject,measures,测量指标,高度,Measurement,测量舷侧分段的高度，检查甲板边线的高度值是否与理论值相符,[11],"[""shiprag_p011_00012""]",0.9
Process_全宽甲板展开,Measurement_冲势,全宽甲板展开,Process,measures,测量指标,冲势,Measurement,"求取最大冲势值。在甲板展开图中,横梁的实际位置线不是直线,而是有一定冲势的曲线",[92],"[""shiprag_p092_00108""]",0.95
Process_全宽甲板展开,Measurement_梁拱曲线,全宽甲板展开,Process,measures,测量指标,梁拱曲线,Measurement,用样条围取181~185号梁拱线实长,[92],"[""shiprag_p092_00108""]",0.85
Measurement_分段高度,ProcessObject_分段,分段高度,Measurement,measures,测量指标,分段,ProcessObject,测量分段高度并确定余量数值,[176],"[""shiprag_p176_00206""]",0.9
Operation_打孔测量,Measurement_板厚,打孔测量,Operation,measures,测量指标,板厚,Measurement,打孔测量时，板率取孔周厚度的平均值,[183],"[""shiprag_p183_00217""]",0.9
Operation_拉线法,Measurement_中心线,拉线法,Operation,measures,测量指标,中心线,Measurement,拉线法画中心线和中间助骨线,[130],"[""shiprag_p130_00148""]",0.9
ToolEquipment_样条,Measurement_线型光顺性,样条,ToolEquipment,measures,测量指标,线型光顺性,Measurement,用样条检查上下、首尾方向线型的光顺性,[187],"[""shiprag_p187_00224""]",0.9
Component_横舱壁,Measurement_垂直度,横舱壁,Component,measures,测量指标,垂直度,Measurement,在舱壁的左中右三处用荡线锤测垂直度,[167],"[""shiprag_p167_00194""]",0.9
Component_横舱壁,Measurement_水平度,横舱壁,Component,measures,测量指标,水平度,Measurement,按舱壁上的水平线用水平软管或激光经纬仪检查舱壁水平度,[167],"[""shiprag_p167_00194""]",0.9
Component_甲板间倾斜前围壁,Measurement_脊弧,甲板间倾斜前围壁,Component,measures,测量指标,脊弧,Measurement,上下方甲板有相同的脊弧和梁拱,[93],"[""shiprag_p093_00109""]",0.7
Operation_超声波测量,Measurement_板厚,超声波测量,Operation,measures,测量指标,板厚,Measurement,用超声波测量时，板厚取仪表读数,[183],"[""shiprag_p183_00217""]",0.9
ProcessObject_上层建筑分段,Process_船台合拢,上层建筑分段,ProcessObject,operates_on,操作对象,船台合拢,Process,上层建筑分段的船台合找,[178],"[""shiprag_p178_00209""]",0.9
Operation_余量画线,ProcessObject_上层建筑,余量画线,Operation,operates_on,操作对象,上层建筑,ProcessObject,在围整无构架的一面，中心线画出围壁的全部余量,[177],"[""shiprag_p177_00207""]",0.9
Process_侧装,ProcessObject_分段,侧装,Process,operates_on,操作对象,分段,ProcessObject,侧装装配时分段处于侧倒位置,[114],"[""shiprag_p114_00131""]",0.9
ProcessObject_分段,Component_外板,分段,ProcessObject,operates_on,操作对象,外板,Component,分段装配过程中吊装外板,[127],"[""shiprag_p127_00145""]",0.8
Process_分段二次除锈和涂装,ProcessObject_分段,分段二次除锈和涂装,Process,operates_on,操作对象,分段,ProcessObject,分段二次除锈和涂装...在分段建造阶段,[29],"[""shiprag_p029_00034""]",0.9
Operation_分段吊运与翻身,ProcessObject_分段,分段吊运与翻身,Operation,operates_on,操作对象,分段,ProcessObject,分段吊运与翻身是船体建造过程中的一个重要工序。完工的分段需吊出平台或胎架，吊上船台。,[23],"[""shiprag_p023_00026""]",0.9
Operation_分段完工测量,ProcessObject_分段,分段完工测量,Operation,operates_on,操作对象,分段,ProcessObject,"分段完工后,要对其进行测量,以确定分段建造的精度。",[122],"[""shiprag_p122_00140""]",0.9
Process_分段总装,Component_斜底,分段总装,Process,operates_on,操作对象,斜底,Component,将甲板和斜底两个子分段吊上触侧分段进行定位,[133],"[""shiprag_p133_00152""]",0.9
Process_分段总装,Component_甲板,分段总装,Process,operates_on,操作对象,甲板,Component,将甲板和斜底两个子分段吊上触侧分段进行定位,[133],"[""shiprag_p133_00152""]",0.9
Process_分段装配,ProcessObject_分段,分段装配,Process,operates_on,操作对象,分段,ProcessObject,"分段是船体最重要的结构单元,分段装配是船体建造过程中最复杂的工艺阶段",[112],"[""shiprag_p112_00129""]",0.9
Process_分段装配,ProcessObject_子分段,分段装配,Process,operates_on,操作对象,子分段,ProcessObject,分段装配只是将数量有限的子分段进行合拢,[116],"[""shiprag_p116_00133""]",0.9
Operation_切割,Component_顶盖板,切割,Operation,operates_on,操作对象,顶盖板,Component,切割顶盖板的边缘和孔口,[106],"[""shiprag_p106_00123""]",0.9
Measurement_切割线,Component_扶强材,切割线,Measurement,operates_on,操作对象,扶强材,Component,扶强材可按所画切割线切割,[190],"[""shiprag_p190_00228""]",0.9
Process_卧装,ProcessObject_分段,卧装,Process,operates_on,操作对象,分段,ProcessObject,卧装装配时分段处于纵向卧倒的位置,[114],"[""shiprag_p114_00131""]",0.9
Process_围壁下部修理,Component_围壁,围壁下部修理,Process,operates_on,操作对象,围壁,Component,确定围壁下部修理范围,[189],"[""shiprag_p189_00227""]",0.9
Operation_型线修改,ProcessObject_纵剖线,型线修改,Operation,operates_on,操作对象,纵剖线,ProcessObject,将纵剖线图中的b、c分别修改到6和c,[44],"[""shiprag_p044_00054""]",0.8
ToolEquipment_型钢式空心平台,Component_内底板,型钢式空心平台,ToolEquipment,operates_on,操作对象,内底板,Component,将经自动拼接的整张内底板吊上平台,[125],"[""shiprag_p125_00143""]",0.85
ProcessObject_基准分段,Process_塔式建造,基准分段,ProcessObject,operates_on,操作对象,塔式建造,Process,先在靠近机舱前端选定一个底部分段作为基准段，首先吊上船台定位。,[152],"[""shiprag_p152_00174""]",0.9
Component_外板,ProcessObject_外板展开图,外板,Component,operates_on,操作对象,外板展开图,ProcessObject,在钢板上面出外板的展开图,[188],"[""shiprag_p188_00225""]",0.8
Process_外板局部割换,Component_外板,外板局部割换,Process,operates_on,操作对象,外板,Component,当一张外板大部分仍可使用更换部分仅有部分损坏时，可用局部割换的方式进行修理,[189],"[""shiprag_p189_00226""]",0.9
ProcessObject_子分段,Operation_火工矫正,子分段,ProcessObject,operates_on,操作对象,火工矫正,Operation,"子分段装焊后,用火工矫正变形",[133],"[""shiprag_p133_00152""]",0.9
Process_子分段装配,ProcessObject_子分段,子分段装配,Process,operates_on,操作对象,子分段,ProcessObject,这些子分段可以在平台或胎架上进行预装，称之为组合件或子分段装配,[116],"[""shiprag_p116_00133""]",0.9
Operation_定位,Component_内底纵骨,定位,Operation,operates_on,操作对象,内底纵骨,Component,将纵骨吊放于防倾马板中间。定位时对准位置线、助位线,[126],"[""shiprag_p126_00144""]",0.9
Operation_定位,Component_铸钢件,定位,Operation,operates_on,操作对象,铸钢件,Component,拉钢丝在上下端对铸钢件进行第一次定位,[110],"[""shiprag_p110_00127""]",0.9
Operation_定位焊,ProcessObject_上层建筑,定位焊,Operation,operates_on,操作对象,上层建筑,ProcessObject,上层建筑与甲板的定位焊应先定外围壁,[177],"[""shiprag_p177_00207""]",0.9
Operation_定位焊,Component_上甲板,定位焊,Operation,operates_on,操作对象,上甲板,Component,定位焊上甲板合拢后正确的定位焊序应该是,[172],"[""shiprag_p172_00200""]",0.9
Operation_定位焊,Component_围板,定位焊,Operation,operates_on,操作对象,围板,Component,最后吊装右侧围板，将其与内部构件拉紧后进行定位焊,[108],"[""shiprag_p108_00125""]",0.9
Operation_定位焊,Component_板条,定位焊,Operation,operates_on,操作对象,板条,Component,将板条对准甲板上原位置线，进行定位焊,[190],"[""shiprag_p190_00228""]",0.9
Operation_定位焊,Component_甲板,定位焊,Operation,operates_on,操作对象,甲板,Component,上层建筑与甲板的定位焊应先定外围壁,[177],"[""shiprag_p177_00207""]",0.9
Component_尾段K行板,Operation_吊装K行板,尾段K行板,Component,operates_on,操作对象,吊装K行板,Operation,将尾段K行板吊上胎架,[136],"[""shiprag_p136_00156""]",0.8
Operation_展开,Component_底纵桁,展开,Operation,operates_on,操作对象,底纵桁,Component,倾斜于中线面的底纵桁的展开,[88],"[""shiprag_p088_00104""]",0.9
Process_展开方法,Component_下倾式内底边板,展开方法,Process,operates_on,操作对象,下倾式内底边板,Component,下面介绍下倾式内底边板的展开方法,[90],"[""shiprag_p090_00106""]",0.9
ProcessObject_崩1段,Operation_定位,崩1段,ProcessObject,operates_on,操作对象,定位,Operation,崩1段吊上船台，以与其他底部分段相似的方法，进行定位,[174],"[""shiprag_p174_00202""]",0.9
ProcessObject_总段,Operation_余量画线,总段,ProcessObject,operates_on,操作对象,余量画线,Operation,余量值确定后，以正足端为依据进行余量画线,[173],"[""shiprag_p173_00201""]",0.9
Process_推进器轴出口处型线放样,Measurement_肋骨型线,推进器轴出口处型线放样,Process,operates_on,操作对象,肋骨型线,Measurement,推进器轴出口处肋骨型线的放样，要根据轴系布置图...,[48],"[""shiprag_p048_00058""]",0.9
Process_插入式装配,Component_横向构件,插入式装配,Process,operates_on,操作对象,横向构件,Component,将纵向和横向构件分两步装配,[115],"[""shiprag_p115_00132""]",1.0
Process_插入式装配,Component_纵向构件,插入式装配,Process,operates_on,操作对象,纵向构件,Component,将纵向和横向构件分两步装配,[115],"[""shiprag_p115_00132""]",1.0
Process_放样,ProcessObject_内底板,放样,Process,operates_on,操作对象,内底板,ProcessObject,内底板放样,[52],"[""shiprag_p052_00064""]",0.9
Process_放样,Component_批龙骨,放样,Process,operates_on,操作对象,批龙骨,Component,批龙骨的放样步骤见图2-22,[53],"[""shiprag_p053_00065""]",0.8
Process_放样,Component_旁底纵桁,放样,Process,operates_on,操作对象,旁底纵桁,Component,旁底纵桁放样,[52],"[""shiprag_p052_00064""]",0.9
ProcessObject_方圆过渡接头,Process_板厚处理,方圆过渡接头,ProcessObject,operates_on,操作对象,板厚处理,Process,方圆过渡接头的厚度处理具有圆弧弯曲和折角弯曲的综合特征,[86],"[""shiprag_p086_00102""]",0.9
Operation_无余量船台合拢,ProcessObject_分段,无余量船台合拢,Operation,operates_on,操作对象,分段,ProcessObject,"无余量标注的分段大接缝为无余量船台合拢,分段吊上船台后一次定位焊接",[161],"[""shiprag_p161_00186""]",0.9
Operation_明火作业,Component_油水舱,明火作业,Operation,operates_on,操作对象,油水舱,Component,凡对燃油舱柜及其相邻舱柜、油管等进行明火操作前，都必须先对油舱、油柜、油管等作彻底清洗，然后进行可燃气体测爆检查。,[181],"[""shiprag_p181_00213""]",0.9
Process_框架式装配,ProcessObject_双层底分段,框架式装配,Process,operates_on,操作对象,双层底分段,ProcessObject,双层底分段的框架式装配参见图4-9,[128],"[""shiprag_p128_00146""]",0.9
Component_框架肋板,Component_内底板,框架肋板,Component,operates_on,操作对象,内底板,Component,将框架上的开口嵌入纵骨，按两侧的端线进行横向定位，使与内底板贴紧,[133],"[""shiprag_p133_00151""]",0.9
Operation_正装,ProcessObject_立体分段,正装,Operation,operates_on,操作对象,立体分段,ProcessObject,正装装配时分段处于正立位置，适合于带曲面外板的底部和崩船分段,[113],"[""shiprag_p113_00130""]",0.9
Operation_焊接,Component_顶盖板,焊接,Operation,operates_on,操作对象,顶盖板,Component,装其上构架并焊接,[106],"[""shiprag_p106_00123""]",0.9
Process_立体框架的装配,ProcessObject_立体框架,立体框架的装配,Process,operates_on,操作对象,立体框架,ProcessObject,将尺寸较大的织横骨架预先装配成立体框架,[100],"[""shiprag_p100_00116""]",0.9
Process_等半径圆弧倾斜前围壁展开,Component_甲板间倾斜前围壁,等半径圆弧倾斜前围壁展开,Process,operates_on,操作对象,甲板间倾斜前围壁,Component,等半径圆弧倾斜前围壁的展开,[93],"[""shiprag_p093_00109""]",0.9
ProcessObject_等径直角弯头,Process_板厚处理,等径直角弯头,ProcessObject,operates_on,操作对象,板厚处理,Process,等径直角弯头的板厚处理不当会造成接口缺陷,[86],"[""shiprag_p086_00102""]",0.9
Component_纵桁,Component_甲板,纵桁,Component,operates_on,操作对象,甲板,Component,将纵桁吊上甲板对准位置线,[136],"[""shiprag_p136_00155""]",0.9
Process_结构线放样,ProcessObject_肋骨型线图,结构线放样,Process,operates_on,操作对象,肋骨型线图,ProcessObject,通过结构线放样，可进一步完整地表达出船体内部纵向构件和每张外板在肋骨型线图中的投影,[51],"[""shiprag_p051_00063""]",0.9
Process_肋板放样,Component_肋板,肋板放样,Process,operates_on,操作对象,肋板,Component,肋板放样在双层底区，肋板放样在内底板放样时即已同时完成,[54],"[""shiprag_p054_00066""]",0.9
Process_肘板放样,Component_肘板,肘板放样,Process,operates_on,操作对象,肘板,Component,肘板是内底边板或肋板与肋骨的连接构件，放样时要画出肘板边线,[54],"[""shiprag_p054_00066""]",0.9
Operation_胎上二次画线,ProcessObject_双层底分段,胎上二次画线,Operation,operates_on,操作对象,双层底分段,ProcessObject,图5-19为双层底分段的二次画线数值。,[122],"[""shiprag_p122_00140""]",0.9
ProcessObject_舰段,Process_船台合拢,舰段,ProcessObject,operates_on,操作对象,船台合拢,Process,舰段的船台定位对船舶的主尺度也有一定影响,[174],"[""shiprag_p174_00203""]",0.8
Process_船体总装配,ProcessObject_船体,船体总装配,Process,operates_on,操作对象,船体,ProcessObject,船体总装配也称总合拢，最后组装成完整的船体,[150],"[""shiprag_p150_00172""]",0.9
Process_船台总合拢,ProcessObject_基准分段,船台总合拢,Process,operates_on,操作对象,基准分段,ProcessObject,船台总合拢从基准分段开始,[163],"[""shiprag_p163_00189""]",0.9
Process_表面展开,ProcessObject_柱体,表面展开,Process,operates_on,操作对象,柱体,ProcessObject,当几何体在平面上作连续滚动时，就在平面上留下几何体表面完整的印痕,[74],"[""shiprag_p074_00090""]",0.7
Process_近似展开,ProcessObject_不可展曲面,近似展开,Process,operates_on,操作对象,不可展曲面,ProcessObject,制作这类结构时，都采用近似展开的方法。,[80],"[""shiprag_p080_00096""]",0.9
Operation_近似展开,ProcessObject_正螺旋叶片,近似展开,Operation,operates_on,操作对象,正螺旋叶片,ProcessObject,图3-28正螺旋叶片的近似展开,[83],"[""shiprag_p083_00099""]",0.8
Operation_逐层吊装,ProcessObject_上层建筑,逐层吊装,Operation,operates_on,操作对象,上层建筑,ProcessObject,当上层建筑不是整体吊装而是逐层合拢时,[177],"[""shiprag_p177_00208""]",0.9
ProcessObject_206侧分段,ProcessObject_406甲板分段,206侧分段,ProcessObject,precedes,前置工序,406甲板分段,ProcessObject,"当206侧分段合拢后,可从406甲板分段开始",[161],"[""shiprag_p161_00186""]",0.8
Operation_二次定位,Operation_定位焊,二次定位,Operation,precedes,前置工序,定位焊,Operation,满足误差要求后，将墩木塞紧，支撑蔽紧，使总段可靠固定。进行总段定位焊,[173],"[""shiprag_p173_00201""]",0.8
Operation_二次除锈,Operation_涂装,二次除锈,Operation,precedes,前置工序,涂装,Operation,船舶的除锈，习惯上将其分为一次除锈和二次除锈两个阶段。,[29],"[""shiprag_p029_00035""]",0.7
Operation_侧板修理作业,Operation_明火作业,侧板修理作业,Operation,precedes,前置工序,明火作业,Operation,侧板修理作业应按自上而下的顺序进行。,[181],"[""shiprag_p181_00213""]",0.7
Process_分段二次除锈和涂装,Process_船台涂装,分段二次除锈和涂装,Process,precedes,前置工序,船台涂装,Process,分段二次除锈和涂装...船台涂装,[29],"[""shiprag_p029_00034""]",0.8
Operation_分段定位焊,Operation_加焊梳状马板,分段定位焊,Operation,precedes,前置工序,加焊梳状马板,Operation,外板定位焊后加焊梳状马板,[165],"[""shiprag_p165_00191""]",0.9
Process_围壁下部修理,Operation_拆除围壁内部木质设施及电气装置,围壁下部修理,Process,precedes,前置工序,拆除围壁内部木质设施及电气装置,Operation,按外部所画割缝线高度，拆除围壁内部木质设施及电气装置,[189],"[""shiprag_p189_00227""]",0.8
ProcessObject_底部,Component_舱壁,底部,ProcessObject,precedes,前置工序,舱壁,Component,域中底部→舱壁→触侧→甲板→船楼的吊装程序,[161],"[""shiprag_p161_00187""]",0.9
ProcessObject_底部分段,ProcessObject_横舱壁分段,底部分段,ProcessObject,precedes,前置工序,横舱壁分段,ProcessObject,当底部105~107段合拢后，即可吊装505.507横舱整分段,[159],"[""shiprag_p159_00184""]",0.8
ProcessObject_横舱壁分段,ProcessObject_舷侧分段,横舱壁分段,ProcessObject,precedes,前置工序,舷侧分段,ProcessObject,当506横舱璧分段合拢后，可吊装206般侧分段,[159],"[""shiprag_p159_00184""]",0.8
Measurement_甲板边线,Measurement_甲板中线,甲板边线,Measurement,precedes,前置工序,甲板中线,Measurement,型线放样中一般都先画甲板边线，后画甲板中线。俗称由甲板边线返中线。,[39],"[""shiprag_p039_00049""]",0.9
Process_立体框架的装配,Operation_合拢,立体框架的装配,Process,precedes,前置工序,合拢,Operation,"将尺寸较大的织横骨架预先装配成立体框架,再和铺进行合找",[100],"[""shiprag_p100_00116""]",0.8
Component_舱壁,ProcessObject_触侧,舱壁,Component,precedes,前置工序,触侧,ProcessObject,域中底部→舱壁→触侧→甲板→船楼的吊装程序,[161],"[""shiprag_p161_00187""]",0.9
Process_船台涂装,Process_码头涂装,船台涂装,Process,precedes,前置工序,码头涂装,Process,船台涂装...码头涂装,[29],"[""shiprag_p029_00034""]",0.8
ProcessObject_触侧,Component_甲板,触侧,ProcessObject,precedes,前置工序,甲板,Component,域中底部→舱壁→触侧→甲板→船楼的吊装程序,[161],"[""shiprag_p161_00187""]",0.9
Measurement_A_A辅助剖面,Measurement_轴壳半径曲线,A-A辅助剖面,Measurement,provides_basis_for,产生依据,轴壳半径曲线,Measurement,以0点为基准，录取A-A剖面线与肋骨线的交点，连成光顺曲线即为A-A剖面线,[51],"[""shiprag_p051_00062""]",0.9
Parameter_中性层,Measurement_展开长度,中性层,Parameter,provides_basis_for,产生依据,展开长度,Measurement,一切弯曲板材的展开长度，都是以中性层为依据的,[84],"[""shiprag_p084_00100""]",0.9
Measurement_中性层半径R,Measurement_中性层位置,中性层半径R,Measurement,provides_basis_for,产生依据,中性层位置,Measurement,中性层位置的计算公式为R=r+Kt,[85],"[""shiprag_p085_00101""]",0.9
Measurement_光顺舷弧中心线,Parameter_舷弧半径,光顺舷弧中心线,Measurement,provides_basis_for,产生依据,舷弧半径,Parameter,如有个别点不在光顺曲线上，说明半径R1不合理，须将其圆心由O1改到曲线上的O点。这时应将舷圆弧半径R1改为R5。,[39],"[""shiprag_p039_00049""]",0.85
Measurement_冲势,Measurement_中间肋骨线,冲势,Measurement,provides_basis_for,产生依据,中间肋骨线,Measurement,按下式计算冲势...经所得点即可连成中间助骨线,[130],"[""shiprag_p130_00148""]",0.9
Parameter_分段余量画线值,Operation_余量画线,分段余量画线值,Parameter,provides_basis_for,产生依据,余量画线,Operation,余量数值确定后，在留有余量的分段上以先装分段的端缝为依据画线,[164],"[""shiprag_p164_00190""]",0.8
Parameter_分段装配相关数据,Process_分段装配,分段装配相关数据,Parameter,provides_basis_for,产生依据,分段装配,Process,提供的分段装配相关数据包括胎架支柱高度及板的定位数值等,[120],"[""shiprag_p120_00138""]",0.9
Measurement_反变形值,Measurement_分段宽度B,反变形值,Measurement,provides_basis_for,产生依据,分段宽度B,Measurement,横向反变形公式涉及分段宽度B。,[147],"[""shiprag_p147_00169""]",0.8
Process_放样,Operation_分段装配画线,放样,Process,provides_basis_for,产生依据,分段装配画线,Operation,放样为结构装配提供的施工依据，主要有分段装配画线又称胎架二次画线的草图及数据,[60],"[""shiprag_p060_00074""]",0.9
Process_放样,Measurement_分段铺板的定位数据,放样,Process,provides_basis_for,产生依据,分段铺板的定位数据,Measurement,放样为结构装配提供的施工依据，主要有分段铺板的定位数据,[60],"[""shiprag_p060_00074""]",0.9
Process_放样,Operation_加工,放样,Process,provides_basis_for,产生依据,加工,Operation,放样的一项主要任务是为加工、装配等后续工序提供施工依据。,[63],"[""shiprag_p063_00077""]",0.9
Process_放样,ProcessObject_模板式及框架式胎架的样板及画线草图,放样,Process,provides_basis_for,产生依据,模板式及框架式胎架的样板及画线草图,ProcessObject,放样为结构装配提供的施工依据，主要有模板式及框架式胎架的样板及画线草图,[60],"[""shiprag_p060_00074""]",0.9
Process_放样,Operation_装配,放样,Process,provides_basis_for,产生依据,装配,Operation,放样的一项主要任务是为加工、装配等后续工序提供施工依据。,[63],"[""shiprag_p063_00077""]",0.9
Measurement_梁拱曲线,Parameter_几何作图法,梁拱曲线,Measurement,provides_basis_for,产生依据,几何作图法,Parameter,梁拱曲线可用几何作图法或计算法画出。,[38],"[""shiprag_p038_00048""]",0.7
Process_理论型线放样,ProcessObject_肋骨型线图,理论型线放样,Process,provides_basis_for,产生依据,肋骨型线图,ProcessObject,理论型线图放样的最终目的，还是为了求得光顺的肋骨型线图,[45],"[""shiprag_p045_00055""]",0.9
Parameter_窗口中心线离上缘的距离B,Operation_窗口开孔中心定位,窗口中心线离上缘的距离B,Parameter,provides_basis_for,产生依据,窗口开孔中心定位,Operation,窗口中心线离上缘的距离B按下式计算B= H-(E-F)-A(mm),[103],"[""shiprag_p103_00119""]",0.9
Component_纵舱壁,Component_横舱壁,纵舱壁,Component,provides_basis_for,产生依据,横舱壁,Component,首先安装零号肋位向的纵舱壁，它可以作为前后横舱壁安装的依据,[139],"[""shiprag_p139_00159""]",0.9
ToolEquipment_胎架,Process_反变形,胎架,ToolEquipment,provides_basis_for,产生依据,反变形,Process,胎架已作反变形,[97],"[""shiprag_p097_00113""]",0.9
Process_船体放样,ToolEquipment_号料草图与样板,船体放样,Process,provides_basis_for,产生依据,号料草图与样板,ToolEquipment,放样提供的施工依据，项目包括：号料草图和样板,[56],"[""shiprag_p056_00069""]",0.9
Process_船体放样,Process_装配,船体放样,Process,provides_basis_for,产生依据,装配,Process,为号料、加工、装配及检验等后续工序提供必需的各类施工依据,[56],"[""shiprag_p056_00069""]",0.9
Measurement_轴壳半径曲线,Component_轴包板,轴壳半径曲线,Measurement,provides_basis_for,产生依据,轴包板,Component,使轴包板形状简单，便于加工,[51],"[""shiprag_p051_00062""]",0.85
Measurement_轴孔中心线,Measurement_基线,轴孔中心线,Measurement,provides_basis_for,产生依据,基线,Measurement,测量基线及轴孔中心距基线的高度，以轴孔中心线为依据,[176],"[""shiprag_p176_00205""]",0.9
Operation_挖补,Defect_裂缝,挖补,Operation,repairs,修理对象,裂缝,Defect,消除裂缝的基本方法是对裂缝处进行挖补或贴补,[185],"[""shiprag_p185_00220""]",0.9
Operation_贴补,Defect_裂缝,贴补,Operation,repairs,修理对象,裂缝,Defect,消除裂缝的基本方法是对裂缝处进行挖补或贴补,[185],"[""shiprag_p185_00220""]",0.9
Defect_骨架弯曲,Process_就地矫正,骨架弯曲,Defect,repairs,修理对象,就地矫正,Process,船体骨架的弯曲也可采用就地矫正和车间矫正的方式将其修复,[186],"[""shiprag_p186_00222""]",0.9
Defect_骨架弯曲,Process_车间矫正,骨架弯曲,Defect,repairs,修理对象,车间矫正,Process,船体骨架的弯曲也可采用就地矫正和车间矫正的方式将其修复,[186],"[""shiprag_p186_00222""]",0.9
Process_三角形展开法,ProcessObject_外板展开图,三角形展开法,Process,used_for,用于,外板展开图,ProcessObject,用三角形展开法，从中间开始向两端，在钢板上面出外板的展开图,[188],"[""shiprag_p188_00225""]",0.9
Process_三角形法,Process_展开各种形体,三角形法,Process,used_for,用于,展开各种形体,Process,三角形法展开适用于各种不同形体,[77],"[""shiprag_p077_00093""]",0.8
ToolEquipment_中心线槽钢,Operation_分段纵向和横向定位,中心线槽钢,ToolEquipment,used_for,用于,分段纵向和横向定位,Operation,供标画标注船台中心线和肋骨位置线，作为总装中分段纵向和横向定位的基准,[153],"[""shiprag_p153_00175""]",0.95
Component_临时加强材,QualityRequirement_保持围壁直线度,临时加强材,Component,used_for,用于,保持围壁直线度,QualityRequirement,装临时加强材使围壁保持较好的直线度,[103],"[""shiprag_p103_00119""]",0.9
Component_临时加强材,ProcessObject_分段,临时加强材,Component,used_for,用于,分段,ProcessObject,临时加强材的作用是加强分段的刚性或局部强度,[26],"[""shiprag_p026_00030""]",0.95
Material_临时支撑材料,Process_分段上的准备工作,临时支撑材料,Material,used_for,用于,分段上的准备工作,Process,临时支撑用于总装时对分(总)段的临时加强,[157],"[""shiprag_p157_00180""]",0.9
Process_作图法,ProcessObject_展开图,作图法,Process,used_for,用于,展开图,ProcessObject,获得展开图的方法有作图法和计算法两种,[75],"[""shiprag_p075_00091""]",0.9
Component_假舱壁,Component_甲板,假舱壁,Component,used_for,用于,甲板,Component,在甲板悬空处的内底板上设置假舱壁或支承槽钢,[170],"[""shiprag_p170_00198""]",0.9
ProcessObject_偏心方圆接头,ProcessObject_过渡接头,偏心方圆接头,ProcessObject,used_for,用于,过渡接头,ProcessObject,偏心方圆接头是过渡接头的一种,[79],"[""shiprag_p079_00095""]",0.9
ProcessObject_分段明细表,Process_分段装配,分段明细表,ProcessObject,used_for,用于,分段装配,Process,分段明细表是最为重要的分段建造管理图表,[120],"[""shiprag_p120_00138""]",0.9
ProcessObject_双斜切基面,ProcessObject_分段,双斜切基面,ProcessObject,used_for,用于,分段,ProcessObject,适用于型线横向倾斜较大，纵向又有较大弯势的舷侧分段,[124],"[""shiprag_p124_00142""]",0.8
ProcessObject_号料草图,Operation_号料,号料草图,ProcessObject,used_for,用于,号料,Operation,号料草图用于号料，保证零件尺寸准确。,[57],"[""shiprag_p057_00070""]",0.9
ToolEquipment_吊排,ProcessObject_分段,吊排,ToolEquipment,used_for,用于,分段,ProcessObject,分段可采用吊排吊运，避免变形,[25],"[""shiprag_p025_00029""]",0.9
ToolEquipment_吊环,Operation_空中翻身,吊环,ToolEquipment,used_for,用于,空中翻身,Operation,分段上只设置吊环和作一般加强，成本较低,[24],"[""shiprag_p024_00027""]",0.8
Measurement_基线,Measurement_测量龙骨挠度,基线,Measurement,used_for,用于,测量龙骨挠度,Measurement,它作为总装时确定分段基线高度和完工后测量龙骨挠度的依据。,[158],"[""shiprag_p158_00182""]",0.9
Measurement_基线,Operation_确定分段基线高度,基线,Measurement,used_for,用于,确定分段基线高度,Operation,它作为总装时确定分段基线高度和完工后测量龙骨挠度的依据。,[158],"[""shiprag_p158_00182""]",0.9
ToolEquipment_基线标杆,Operation_确定分段基线高度,基线标杆,ToolEquipment,used_for,用于,确定分段基线高度,Operation,作为总装时确定分段基线高度的依据,[153],"[""shiprag_p153_00175""]",0.95
Process_塔式建造,Process_船台总装,塔式建造,Process,used_for,用于,船台总装,Process,塔式建造是大中型船舶最为常见的船台总装方式。,[152],"[""shiprag_p152_00174""]",0.95
Operation_塞焊,Operation_止裂孔,塞焊,Operation,used_for,用于,止裂孔,Operation,两端的止裂孔要用塞焊封堵,[186],"[""shiprag_p186_00221""]",0.9
ToolEquipment_墩木,Process_船体总装,墩木,ToolEquipment,used_for,用于,船体总装,Process,墩木是总装阶段船体和分段的支承装置,[155],"[""shiprag_p155_00178""]",0.9
Component_外板,ProcessObject_号料草图,外板,Component,used_for,用于,号料草图,ProcessObject,外板等零件可绘制号料草图。,[57],"[""shiprag_p057_00070""]",0.85
ToolEquipment_外板加工样板,Component_外板,外板加工样板,ToolEquipment,used_for,用于,外板,Component,用-3×30扁钢通过焊接制成图7-7所示的外板加工样板,[188],"[""shiprag_p188_00225""]",0.9
ToolEquipment_外板加工样板,Process_外板加工,外板加工样板,ToolEquipment,used_for,用于,外板加工,Process,制作外板加工样板,[187],"[""shiprag_p187_00224""]",0.9
Process_外板散装式,ProcessObject_分段,外板散装式,Process,used_for,用于,分段,ProcessObject,外板散装式这种方式适用于崩舰封闭型立体分段,[116],"[""shiprag_p116_00133""]",0.8
ProcessObject_子分段,Parameter_缩短分段的制造周期,子分段,ProcessObject,used_for,用于,缩短分段的制造周期,Parameter,子分段组装法可有效缩短分段的制造周期,[14],"[""shiprag_p014_00015""]",0.8
Process_子分段装配法,ProcessObject_顶边舱分段,子分段装配法,Process,used_for,用于,顶边舱分段,ProcessObject,顶边舱和外板构成P型舷侧分段，通常有子分段装配法和三工位装配法,[133],"[""shiprag_p133_00151""]",0.9
Process_展开法,Measurement_曲线实长,展开法,Process,used_for,用于,曲线实长,Measurement,将圆柱面展开后，展形图中的曲线即为其上口边缘的实长,[71],"[""shiprag_p071_00086""]",0.9
Process_平行线法,ProcessObject_多节等径弯头,平行线法,Process,used_for,用于,多节等径弯头,ProcessObject,等径圆管弯头适合用平行线法展开,[78],"[""shiprag_p078_00094""]",0.9
Process_平行线法,ProcessObject_柱体,平行线法,Process,used_for,用于,柱体,ProcessObject,平行线法用于展开表面素线互相平行的各类柱体,[75],"[""shiprag_p075_00091""]",0.9
ToolEquipment_扁钢,Operation_驳取线型,扁钢,ToolEquipment,used_for,用于,驳取线型,Operation,用-3×30扁钢驳取线型,[187],"[""shiprag_p187_00224""]",0.9
Component_托板,QualityRequirement_防止崩柱包板下滑,托板,Component,used_for,用于,防止崩柱包板下滑,QualityRequirement,在分段平台上柱包板接缝处焊好两块托板，防止崩柱包板下滑,[143],"[""shiprag_p143_00164""]",0.9
Component_挡板,ProcessObject_上层建筑分段,挡板,Component,used_for,用于,上层建筑分段,ProcessObject,在甲板上焊挡板防止分段滑动,[176],"[""shiprag_p176_00205""]",0.9
Component_挡板,QualityRequirement_防止柱包板倾倒,挡板,Component,used_for,用于,防止柱包板倾倒,QualityRequirement,在髓柱上焊两块挡板，防止其倾倒,[143],"[""shiprag_p143_00164""]",0.9
Process_换面法,Measurement_平面曲线实长,换面法,Process,used_for,用于,平面曲线实长,Measurement,换面法只能用于求取平面曲线的实长,[71],"[""shiprag_p071_00086""]",0.9
Component_支承槽钢,Operation_临时固定分段,支承槽钢,Component,used_for,用于,临时固定分段,Operation,支承槽钢应牢固焊接于纵横围壁交叉处刚性较强的部位,[176],"[""shiprag_p176_00206""]",0.8
ToolEquipment_支柱式胎架,Operation_分段板定位,支柱式胎架,ToolEquipment,used_for,用于,分段板定位,Operation,支柱式胎架上板的定位数值,[129],"[""shiprag_p129_00147""]",0.9
ToolEquipment_支柱式通用胎架,ProcessObject_分段,支柱式通用胎架,ToolEquipment,used_for,用于,分段,ProcessObject,优先采用支柱式通用胎架,[123],"[""shiprag_p123_00141""]",0.8
Process_放射式装配,ProcessObject_纵骨架式大型船舶,放射式装配,Process,used_for,用于,纵骨架式大型船舶,ProcessObject,适合于双层底高度在1m以上、板材较厚的纵骨架式大型船舶,[114],"[""shiprag_p114_00131""]",0.8
Process_放射线法,Process_展开棱锥,放射线法,Process,used_for,用于,展开棱锥,Process,用放射线法展开棱锥时，应以棱线实长为半径作圆弧,[77],"[""shiprag_p077_00093""]",0.8
Process_放射线法,ProcessObject_斜截四棱锥,放射线法,Process,used_for,用于,斜截四棱锥,ProcessObject,用放射线法展开斜截四棱锥的作图步骤,[78],"[""shiprag_p078_00094""]",0.9
Operation_斜剖线检验,QualityRequirement_型线质量,斜剖线检验,Operation,used_for,用于,型线质量,QualityRequirement,通常是以斜线的实形检验型线的质量,[45],"[""shiprag_p045_00055""]",0.9
ToolEquipment_木质三角样板,Process_外板弯曲加工,木质三角样板,ToolEquipment,used_for,用于,外板弯曲加工,Process,手工放样时用于外板弯曲加工的木质三角样板,[58],"[""shiprag_p058_00071""]",0.8
ProcessObject_机舱半立体分段,Process_形成封闭型结构,机舱半立体分段,ProcessObject,used_for,用于,形成封闭型结构,Process,"机舱半立体分段,使机舱区城尽早形成封闭型结构",[161],"[""shiprag_p161_00186""]",0.9
ToolEquipment_松紧螺,Component_舱壁,松紧螺,ToolEquipment,used_for,用于,舱壁,Component,用松紧螺丝将舱壁与底部分段拉紧,[166],"[""shiprag_p166_00193""]",0.9
ToolEquipment_松紧螺丝,ProcessObject_侧分段,松紧螺丝,ToolEquipment,used_for,用于,侧分段,ProcessObject,用松紧螺丝将其与下甲板拉紧,[170],"[""shiprag_p170_00197""]",0.9
ToolEquipment_松紧螺丝,Operation_调整舰柱中心线左右偏差,松紧螺丝,ToolEquipment,used_for,用于,调整舰柱中心线左右偏差,Operation,上端左右偏差用松紧螺丝调整,[137],"[""shiprag_p137_00157""]",0.9
ToolEquipment_松紧螺丝,Measurement_调整舱壁横向垂直度,松紧螺丝,ToolEquipment,used_for,用于,调整舱壁横向垂直度,Measurement,用松紧螺丝调整,[168],"[""shiprag_p168_00195""]",0.9
ToolEquipment_样条,Measurement_线段长度,样条,ToolEquipment,used_for,用于,线段长度,Measurement,用样条分别沿各斜线量取各线段长度,[48],"[""shiprag_p048_00059""]",0.9
ToolEquipment_样棒,Operation_录取交点,样棒,ToolEquipment,used_for,用于,录取交点,Operation,用样棒沿A-A剖面，以0点为基准，录取A-A剖面线与肋骨的交点,[51],"[""shiprag_p051_00062""]",0.95
ToolEquipment_样棒,Measurement_梁拱高度,样棒,ToolEquipment,used_for,用于,梁拱高度,Measurement,用一短样棒录取各站梁拱高度。,[40],"[""shiprag_p040_00050""]",0.9
Component_桅杆,ProcessObject_信号设备,桅杆,Component,used_for,用于,信号设备,ProcessObject,桅杆上部用于装置信号设备,[104],"[""shiprag_p104_00120""]",0.9
Process_框架式装配,ProcessObject_大型船舶平面型分段装配,框架式装配,Process,used_for,用于,大型船舶平面型分段装配,ProcessObject,这是大型船舶平面型分段装配广泛采用的方法,[115],"[""shiprag_p115_00132""]",0.9
Measurement_梁拱曲线,Operation_板和横梁弯曲加工,梁拱曲线,Measurement,used_for,用于,板和横梁弯曲加工,Operation,板和横梁弯曲加工时对曲度的检查。梁拱曲线可用几何作图法或计算法画出。,[38],"[""shiprag_p038_00048""]",0.9
ToolEquipment_梁拱样板,Operation_画线,梁拱样板,ToolEquipment,used_for,用于,画线,Operation,"样板的上缘为梁拱曲线。两端向外各放出约400mm,以方便画线。",[39],"[""shiprag_p039_00049""]",0.9
Operation_止裂孔,Defect_裂缝,止裂孔,Operation,used_for,用于,裂缝,Defect,两端的止裂孔要用塞焊封堵,[186],"[""shiprag_p186_00221""]",0.9
ToolEquipment_正切胎架,Operation_胎上二次画线,正切胎架,ToolEquipment,used_for,用于,胎上二次画线,Operation,"此为正切胎架,纵横构件均垂直于基面。",[122],"[""shiprag_p122_00140""]",0.8
ProcessObject_水平船台,ProcessObject_建造5000吨以下的中小型船舶,水平船台,ProcessObject,used_for,用于,建造5000吨以下的中小型船舶,ProcessObject,水平船台适用于建造5000吨以下的中小型船舶。,[151],"[""shiprag_p151_00173""]",0.9
ToolEquipment_水平软管,Operation_画出水平线,水平软管,ToolEquipment,used_for,用于,画出水平线,Operation,借激光经纬仪或水平软管在胎板上画出水平线,[136],"[""shiprag_p136_00156""]",0.9
ToolEquipment_水平软管,Operation_画基线,水平软管,ToolEquipment,used_for,用于,画基线,Operation,用水平软管面基线的过程见图6-16(a)。,[158],"[""shiprag_p158_00182""]",0.9
ToolEquipment_活络样板,Process_外板弯曲加工,活络样板,ToolEquipment,used_for,用于,外板弯曲加工,Process,用于外板弯曲加工的木质三角样板现已被铝质活络样板所取代,[58],"[""shiprag_p058_00071""]",0.9
ToolEquipment_活络样板,ProcessObject_肋骨型线,活络样板,ToolEquipment,used_for,用于,肋骨型线,ProcessObject,在型值点放置磁铁，使之形成所在肋号的肋骨型线,[60],"[""shiprag_p060_00073""]",0.9
Measurement_测量孔,Operation_板厚测量,测量孔,Measurement,used_for,用于,板厚测量,Operation,测量结束后，将测量孔用电焊焊补,[183],"[""shiprag_p183_00217""]",0.9
ToolEquipment_激光经纬仪,Measurement_准直线,激光经纬仪,ToolEquipment,used_for,用于,准直线,Measurement,形成准直线,[9],"[""shiprag_p009_00010""]",0.9
ToolEquipment_激光经纬仪,ProcessObject_分段,激光经纬仪,ToolEquipment,used_for,用于,分段,ProcessObject,采用精确度很高的激光经纬仪进行分段的定位、分段的画线,[148],"[""shiprag_p148_00170""]",0.9
ToolEquipment_激光经纬仪,Measurement_分段中心线,激光经纬仪,ToolEquipment,used_for,用于,分段中心线,Measurement,用激光经纬仪画出分段中心线和肋骨检验线,[127],"[""shiprag_p127_00145""]",0.9
ToolEquipment_激光经纬仪,Measurement_垂直基准,激光经纬仪,ToolEquipment,used_for,用于,垂直基准,Measurement,形成垂直基准,[9],"[""shiprag_p009_00010""]",0.9
ToolEquipment_激光经纬仪,Measurement_垂直度,激光经纬仪,ToolEquipment,used_for,用于,垂直度,Measurement,形成铅垂面测结构垂直度,[8],"[""shiprag_p008_00008""]",0.9
ToolEquipment_激光经纬仪,Measurement_基准线,激光经纬仪,ToolEquipment,used_for,用于,基准线,Measurement,在船台、平台和分段上画基准线,[8],"[""shiprag_p008_00008""]",0.9
ToolEquipment_激光经纬仪,Measurement_水平基准面,激光经纬仪,ToolEquipment,used_for,用于,水平基准面,Measurement,形成水平基准面,[9],"[""shiprag_p009_00010""]",0.9
ToolEquipment_激光经纬仪,Operation_测量中心线偏差,激光经纬仪,ToolEquipment,used_for,用于,测量中心线偏差,Operation,悬线镭或用激光经纬仪测量外板和能机平台上前后中心线与船台中心线的偏差,[174],"[""shiprag_p174_00203""]",0.9
ToolEquipment_激光经纬仪,Measurement_测量总段基线高度,激光经纬仪,ToolEquipment,used_for,用于,测量总段基线高度,Measurement,用激光经纬仪或水平软管测量总段基线高度,[173],"[""shiprag_p173_00201""]",0.9
ToolEquipment_激光经纬仪,Operation_画出水平线,激光经纬仪,ToolEquipment,used_for,用于,画出水平线,Operation,借激光经纬仪或水平软管在胎板上画出水平线,[136],"[""shiprag_p136_00156""]",0.9
ToolEquipment_激光经纬仪,Measurement_直线度,激光经纬仪,ToolEquipment,used_for,用于,直线度,Measurement,测量结构的直线度,[8],"[""shiprag_p008_00008""]",0.9
ToolEquipment_激光经纬仪,Measurement_肋骨检验线,激光经纬仪,ToolEquipment,used_for,用于,肋骨检验线,Measurement,用激光经纬仪画出分段中心线和肋骨检验线,[127],"[""shiprag_p127_00145""]",0.9
ToolEquipment_激光经纬仪,Operation_船台铺墩_分段吊装定位和完工检验,激光经纬仪,ToolEquipment,used_for,用于,船台铺墩、分段吊装定位和完工检验,Operation,用水平软管、水准仪和激光经纬仪进行船台铺墩，分段吊装定位和完工检验的高度基准,[159],"[""shiprag_p159_00183""]",0.9
ToolEquipment_激光经纬仪,Measurement_长度测量,激光经纬仪,ToolEquipment,used_for,用于,长度测量,Measurement,用激光经纬仪测量长度,[12],"[""shiprag_p012_00013""]",0.9
Operation_火焰加热,Defect_凹陷,火焰加热,Operation,used_for,用于,凹陷,Defect,用火焰将钢板加热到850°C左右，使其处于热塑状态。用千斤顶施加外力予以矫正,[186],"[""shiprag_p186_00221""]",0.9
Process_直角三角形法,ProcessObject_空间曲线,直角三角形法,Process,used_for,用于,空间曲线,ProcessObject,直角三角形法主要用于求空间曲线实长,[70],"[""shiprag_p070_00085""]",0.9
Operation_直角三角形法,Parameter_线段实长,直角三角形法,Operation,used_for,用于,线段实长,Parameter,直角三角形法求线段实长,[68],"[""shiprag_p068_00083""]",0.95
Process_碳弧气刨,Operation_形成焊缝坡口,碳弧气刨,Process,used_for,用于,形成焊缝坡口,Operation,碳弧气刨被用于通过气刨形成焊缝坡口,[27],"[""shiprag_p027_00031""]",0.9
Process_碳弧气刨,Operation_清除缺陷,碳弧气刨,Process,used_for,用于,清除缺陷,Operation,清除焊缝或钢材中的夹渣、气孔、砂眼、裂缝等缺陷,[27],"[""shiprag_p027_00031""]",0.9
ToolEquipment_碳弧气刨,Operation_补焊,碳弧气刨,ToolEquipment,used_for,用于,补焊,Operation,用碳弧气刨去除漏水焊缝时，应向两端延伸多刨50~70mm,[185],"[""shiprag_p185_00219""]",0.9
ToolEquipment_粉线,Operation_画出中间肋骨线,粉线,ToolEquipment,used_for,用于,画出中间肋骨线,Operation,用粉线系在上方钢丝上，向下使其靠上下方钢丝。粉线延伸与外板相交，得到点后用样条连接后即为中间肋骨线,[129],"[""shiprag_p129_00147""]",0.9
Process_素线法,Measurement_相贯线,素线法,Process,used_for,用于,相贯线,Measurement,用素线法求相贯线,[74],"[""shiprag_p074_00090""]",0.9
ToolEquipment_线锤,Measurement_垂直度,线锤,ToolEquipment,used_for,用于,垂直度,Measurement,用线锤检查框架垂直度,[139],"[""shiprag_p139_00159""]",0.9
ToolEquipment_线锤,Operation_对准胎架基面上的中心线,线锤,ToolEquipment,used_for,用于,对准胎架基面上的中心线,Operation,荡线锤使其对准胎架基面上的中心线,[129],"[""shiprag_p129_00147""]",0.9
ToolEquipment_经纬仪,Operation_测量,经纬仪,ToolEquipment,used_for,用于,测量,Operation,经纬仪能用于测量、投影和画线,[10],"[""shiprag_p010_00011""]",0.95
ProcessObject_肋骨型值样棒,Operation_作肋骨型线,肋骨型值样棒,ProcessObject,used_for,用于,作肋骨型线,Operation,制作肋骨型值样棒用以作肋骨型线。,[46],"[""shiprag_p046_00056""]",0.8
Component_肘板,Component_顶围板,肘板,Component,used_for,用于,顶围板,Component,以肘板作为内膜，安装顶圈板,[108],"[""shiprag_p108_00125""]",0.8
ToolEquipment_胎架,ProcessObject_分段,胎架,ToolEquipment,used_for,用于,分段,ProcessObject,为分段选择或设计胎架,[123],"[""shiprag_p123_00141""]",0.9
ToolEquipment_胎架,Process_分段装配,胎架,ToolEquipment,used_for,用于,分段装配,Process,支柱胎架上的分段外板，装配时需调节好支柱高度,[120],"[""shiprag_p120_00138""]",0.9
ToolEquipment_胎架,Process_烟窗围板的装配,胎架,ToolEquipment,used_for,用于,烟窗围板的装配,Process,流线型烟囱在专用胎架装配,[107],"[""shiprag_p107_00124""]",0.9
ProcessObject_胎架基面,Operation_确定胎架工作曲面,胎架基面,ProcessObject,used_for,用于,确定胎架工作曲面,Operation,它是用来确定胎架工作曲面的基准,[124],"[""shiprag_p124_00142""]",0.9
ToolEquipment_荡线锤,Measurement_测量舱壁横向垂直度,荡线锤,ToolEquipment,used_for,用于,测量舱壁横向垂直度,Measurement,荡线锤测量舱壁横向垂直度,[168],"[""shiprag_p168_00195""]",0.9
Operation_补焊,Defect_渗漏,补焊,Operation,used_for,用于,渗漏,Defect,焊缝渗漏并不严重时，一般采取刨掉该处焊缝，重新补焊的方法予以消除,[185],"[""shiprag_p185_00219""]",0.9
ToolEquipment_角度水准尺,Process_双斜切胎架上横向骨架的装配,角度水准尺,ToolEquipment,used_for,用于,双斜切胎架上横向骨架的装配,Process,将角度水准尺用于双斜切胎架上横向骨架的装配,[131],"[""shiprag_p131_00149""]",0.9
ToolEquipment_计算机,Measurement_支柱高度值,计算机,ToolEquipment,used_for,用于,支柱高度值,Measurement,计算机能快速给出经过板厚和倾斜度修整的支柱的高度值,[125],"[""shiprag_p125_00143""]",0.9
Process_计算法,ProcessObject_展开图,计算法,Process,used_for,用于,展开图,ProcessObject,获得展开图的方法有作图法和计算法两种,[75],"[""shiprag_p075_00091""]",0.9
Operation_逆直线,Component_型材,逆直线,Operation,used_for,用于,型材,Component,型材的逆直线弯曲,[62],"[""shiprag_p062_00076""]",0.8
ProcessObject_逆直线,Process_型钢弯曲加工,逆直线,ProcessObject,used_for,用于,型钢弯曲加工,Process,以逆直线加工型钢的方法代替样板检查,[60],"[""shiprag_p060_00073""]",0.9
ProcessObject_逆直线,Operation_弯曲加工,逆直线,ProcessObject,used_for,用于,弯曲加工,Operation,逆直线是面在平直型钢上的一条直线，弯曲加工后变为一条曲线。,[63],"[""shiprag_p063_00077""]",0.9
ToolEquipment_高度标杆,Operation_分段高度方向定位,高度标杆,ToolEquipment,used_for,用于,分段高度方向定位,Operation,作为总装时分段高度方向定位的依据,[153],"[""shiprag_p153_00175""]",0.95
ToolEquipment_高度标杆,Operation_测量分段高度,高度标杆,ToolEquipment,used_for,用于,测量分段高度,Operation,分段的高度可以根据高度标杆和分段上的定位水线的差值确定,[176],"[""shiprag_p176_00206""]",0.8
ToolEquipment_高度标杆,Operation_画高度线,高度标杆,ToolEquipment,used_for,用于,画高度线,Operation,在高度标杆上画出基线、水线、甲板边线等总装所需的全部高度线,[159],"[""shiprag_p159_00183""]",0.9
ToolEquipment_高度标杆,Process_船台合拢,高度标杆,ToolEquipment,used_for,用于,船台合拢,Process,高度标杆通常都垂直于船台表面设置,[178],"[""shiprag_p178_00209""]",0.8
Process_一次除锈,ToolEquipment_抛丸,一次除锈,Process,uses_tool,使用工具,抛丸,ToolEquipment,应用抛丸、喷丸等机械方法,[30],"[""shiprag_p030_00036""]",0.9
Component_下甲板,ToolEquipment_松紧螺丝,下甲板,Component,uses_tool,使用工具,松紧螺丝,ToolEquipment,甲板的位置由挂在舱壁和甲板下的松紧螺丝进行调整,[171],"[""shiprag_p171_00199""]",0.9
Operation_余量切割,ToolEquipment_割嘴,余量切割,Operation,uses_tool,使用工具,割嘴,ToolEquipment,切割余量时割嘴应垂直于外板,[165],"[""shiprag_p165_00191""]",0.9
Operation_余量画线,ToolEquipment_木尺,余量画线,Operation,uses_tool,使用工具,木尺,ToolEquipment,用木尺或余量画线尺在后装分段上间隔一定距离量值取点,[164],"[""shiprag_p164_00190""]",0.9
Operation_作纵剖线图格子线,ToolEquipment_激光经纬仪,作纵剖线图格子线,Operation,uses_tool,使用工具,激光经纬仪,ToolEquipment,"0,10和20号站线也可用激光经纬仪作出。",[36],"[""shiprag_p036_00044""]",0.8
ProcessObject_侧分段,ToolEquipment_卷尺,侧分段,ProcessObject,uses_tool,使用工具,卷尺,ToolEquipment,用线锤和卷尺在斜船台上测量舷侧分段高度,[11],"[""shiprag_p011_00012""]",0.9
ProcessObject_侧分段,ToolEquipment_线锤,侧分段,ProcessObject,uses_tool,使用工具,线锤,ToolEquipment,用线锤和卷尺在斜船台上测量舷侧分段高度,[11],"[""shiprag_p011_00012""]",0.9
ProcessObject_偏心方圆接头,Process_三角形法,偏心方圆接头,ProcessObject,uses_tool,使用工具,三角形法,Process,方圆过渡接头，俗称天圆地方。通常用三角形法展开,[79],"[""shiprag_p079_00095""]",0.9
Process_全宽甲板展开,ToolEquipment_样条,全宽甲板展开,Process,uses_tool,使用工具,样条,ToolEquipment,用样条围取甲板中线(脊弧)的实长,[92],"[""shiprag_p092_00108""]",0.9
Operation_内底板展开,ProcessObject_肋骨型线图,内底板展开,Operation,uses_tool,使用工具,肋骨型线图,ProcessObject,将肋骨型线图中倾斜边板各下口点投影到对应肋骨线上,[91],"[""shiprag_p091_00107""]",0.9
ProcessObject_分段,ToolEquipment_吊环,分段,ProcessObject,uses_tool,使用工具,吊环,ToolEquipment,吊环是分段吊运翻身的主要属具,[24],"[""shiprag_p024_00027""]",0.9
ProcessObject_分段,ToolEquipment_吊索,分段,ProcessObject,uses_tool,使用工具,吊索,ToolEquipment,吊索是分段吊运的重要属具,[25],"[""shiprag_p025_00029""]",0.95
ProcessObject_分段,ToolEquipment_松紧螺丝,分段,ProcessObject,uses_tool,使用工具,松紧螺丝,ToolEquipment,在分段的外板和内底板上各焊4~5只松紧螺丝,[166],"[""shiprag_p166_00192""]",0.95
ProcessObject_双层底分段,ToolEquipment_胎架,双层底分段,ProcessObject,uses_tool,使用工具,胎架,ToolEquipment,图5-50双层底分段反变形值计算，胎架支撑。,[147],"[""shiprag_p147_00169""]",0.9
Process_围壁下部修理,Measurement_割键线,围壁下部修理,Process,uses_tool,使用工具,割键线,Measurement,画出局部切割的割键线,[189],"[""shiprag_p189_00227""]",0.8
Operation_型线检验,ProcessObject_斜剖线,型线检验,Operation,uses_tool,使用工具,斜剖线,ProcessObject,理论型线图的质量通常采用斜剖线进行综合检验,[44],"[""shiprag_p044_00054""]",0.9
ProcessObject_基准分段,ToolEquipment_激光经纬仪,基准分段,ProcessObject,uses_tool,使用工具,激光经纬仪,ToolEquipment,准备好定位测量用的激光经纬仪,[163],"[""shiprag_p163_00189""]",0.8
Operation_外板厚度打孔测量,ToolEquipment_专用器厚工具,外板厚度打孔测量,Operation,uses_tool,使用工具,专用器厚工具,ToolEquipment,图7-2外板厚度的打孔测量(a)专用器厚工具,[184],"[""shiprag_p184_00218""]",0.8
Operation_定位焊,ToolEquipment_松紧螺丝,定位焊,Operation,uses_tool,使用工具,松紧螺丝,ToolEquipment,可用松紧螺丝从间隙最大处开始将其拉紫,[172],"[""shiprag_p172_00200""]",0.8
Operation_定位焊,ToolEquipment_马板,定位焊,Operation,uses_tool,使用工具,马板,ToolEquipment,可用马板和铁楔进行调整,[172],"[""shiprag_p172_00200""]",0.8
Process_就地矫正,ToolEquipment_大锤,就地矫正,Process,uses_tool,使用工具,大锤,ToolEquipment,"用火焰将弯曲部位加热后,通过大锤敲击,使其恢复原来形状",[186],"[""shiprag_p186_00222""]",0.9
Process_层式建造,Component_底部分段,层式建造,Process,uses_tool,使用工具,底部分段,Component,以底部分段作为建造的基础。,[151],"[""shiprag_p151_00173""]",0.9
Operation_展开,ToolEquipment_肋骨型线图,展开,Operation,uses_tool,使用工具,肋骨型线图,ToolEquipment,在肋骨型线图中底纵桁部位作水平准线,[88],"[""shiprag_p088_00104""]",0.9
Process_展开方法,Measurement_肋骨线,展开方法,Process,uses_tool,使用工具,肋骨线,Measurement,作出94~98号肋骨线,[90],"[""shiprag_p090_00106""]",0.85
ProcessObject_崩2段,ToolEquipment_松紧螺丝,崩2段,ProcessObject,uses_tool,使用工具,松紧螺丝,ToolEquipment,在2段与已合拢分段的甲板及外板上用松紧螺丝拉住,[174],"[""shiprag_p174_00202""]",0.9
ProcessObject_崩3段,ToolEquipment_激光经纬仪,崩3段,ProcessObject,uses_tool,使用工具,激光经纬仪,ToolEquipment,用激光经纬仪或水平软管测量左右水平和距基线的高度,[174],"[""shiprag_p174_00202""]",0.9
ProcessObject_底边舱分段,ToolEquipment_简易胎架,底边舱分段,ProcessObject,uses_tool,使用工具,简易胎架,ToolEquipment,根据分段尺寸制作简易胎架,[132],"[""shiprag_p132_00150""]",0.9
ProcessObject_底部分段,ToolEquipment_卷尺,底部分段,ProcessObject,uses_tool,使用工具,卷尺,ToolEquipment,用卷尺量得锤线至船台肋骨检验线的距离,[12],"[""shiprag_p012_00013""]",0.9
ProcessObject_弯头,Process_平行线法,弯头,ProcessObject,uses_tool,使用工具,平行线法,Process,用平行线法作出各节弯头的展开图,[79],"[""shiprag_p079_00095""]",0.9
Process_总段建造,Component_机舱分段,总段建造,Process,uses_tool,使用工具,机舱分段,Component,将装工作量大、周期长的机舱分段作为定位基准段先吊上船台。,[151],"[""shiprag_p151_00173""]",0.9
ToolEquipment_总装胎架,ToolEquipment_胎板,总装胎架,ToolEquipment,uses_tool,使用工具,胎板,ToolEquipment,每段各设两档胎板或型钢支架,[104],"[""shiprag_p104_00120""]",0.7
Operation_悬线锤法,ToolEquipment_线锤,悬线锤法,Operation,uses_tool,使用工具,线锤,ToolEquipment,用松紧螺丝拉紧一根直径为1.0~1.5mm的钢丝，悬挂质量为200~300g的线锤,[35],"[""shiprag_p035_00043""]",0.9
Operation_悬线锤法,Material_钢丝,悬线锤法,Operation,uses_tool,使用工具,钢丝,Material,用松紧螺丝拉紧一根直径为1.0~1.5mm的钢丝,[35],"[""shiprag_p035_00043""]",0.9
Process_折角弯曲,Parameter_展开长度公式L_A_B_0_5t,折角弯曲,Process,uses_tool,使用工具,展开长度公式L=A+B+0.5t,Parameter,折角弯曲…其展开长度可用下式计算L= A + B+0.5t,[85],"[""shiprag_p085_00101""]",0.85
ToolEquipment_拉线架,Material_钢丝,拉线架,ToolEquipment,uses_tool,使用工具,钢丝,Material,在拉线架上的助骨平面内拉一根钢丝,[130],"[""shiprag_p130_00148""]",0.95
Process_推进器轴出口处型线放样,Measurement_轴壳圆弧,推进器轴出口处型线放样,Process,uses_tool,使用工具,轴壳圆弧,Measurement,先作轴壳圆弧，在其与肋骨型线相交处，再作反圆弧光顺过渡,[48],"[""shiprag_p048_00058""]",0.8
Process_散装分段外板,ToolEquipment_水平尺,散装分段外板,Process,uses_tool,使用工具,水平尺,ToolEquipment,用水平尺检查后定位焊,[141],"[""shiprag_p141_00161""]",0.9
Operation_散装外板,ToolEquipment_松紧螺丝,散装外板,Operation,uses_tool,使用工具,松紧螺丝,ToolEquipment,有空隙可用松紧螺丝拉紧,[143],"[""shiprag_p143_00164""]",0.9
Process_数学放样,ToolEquipment_计算机,数学放样,Process,uses_tool,使用工具,计算机,ToolEquipment,数学放样是利用计算机的快速计算功能。,[34],"[""shiprag_p034_00042""]",0.9
Operation_整板更换,ToolEquipment_卷尺,整板更换,Operation,uses_tool,使用工具,卷尺,ToolEquipment,用卷尺或样条将图中各线条的实长测量并记录下来,[187],"[""shiprag_p187_00223""]",0.9
Operation_整板更换,ToolEquipment_样条,整板更换,Operation,uses_tool,使用工具,样条,ToolEquipment,用一木质样条画一光顺的曲线或直线,[187],"[""shiprag_p187_00223""]",0.9
ToolEquipment_望远镜,ToolEquipment_波带片,望远镜,ToolEquipment,uses_tool,使用工具,波带片,ToolEquipment,常在其物镜前加波带片,[8],"[""shiprag_p008_00009""]",0.8
Operation_构件凹陷变形挠度测量,ToolEquipment_直尺,构件凹陷变形挠度测量,Operation,uses_tool,使用工具,直尺,ToolEquipment,构件凹陷变形的挠度可直接用直尺、钢尺和卷尺进行测量。,[184],"[""shiprag_p184_00218""]",0.9
Operation_构件凹陷变形挠度测量,ToolEquipment_钢尺,构件凹陷变形挠度测量,Operation,uses_tool,使用工具,钢尺,ToolEquipment,构件凹陷变形的挠度可直接用直尺、钢尺和卷尺进行测量。,[184],"[""shiprag_p184_00218""]",0.9
Operation_横缝放样,Measurement_肋距,横缝放样,Operation,uses_tool,使用工具,肋距,Measurement,横缝离相邻肋位的距离通常为1/4~1/3肋距,[55],"[""shiprag_p055_00068""]",0.9
Component_横舱壁,ToolEquipment_液压千斤顶,横舱壁,Component,uses_tool,使用工具,液压千斤顶,ToolEquipment,用液压干顶调整,[167],"[""shiprag_p167_00194""]",0.9
Process_比例放样,Operation_光学投影号料,比例放样,Process,uses_tool,使用工具,光学投影号料,Operation,和比例放样配套的是光学投影号料和光电跟踪切割。,[34],"[""shiprag_p034_00042""]",0.8
Process_比例放样,Operation_光电跟踪切割,比例放样,Process,uses_tool,使用工具,光电跟踪切割,Operation,和比例放样配套的是光学投影号料和光电跟踪切割。,[34],"[""shiprag_p034_00042""]",0.8
Operation_球面的分瓣展开,Operation_平行线法,球面的分瓣展开,Operation,uses_tool,使用工具,平行线法,Operation,将每一瓣球面当作圆柱面的一部分，用平行线法将其展开,[81],"[""shiprag_p081_00097""]",0.8
Process_理论型线放样,Measurement_型值表,理论型线放样,Process,uses_tool,使用工具,型值表,Measurement,图2-4的型值表提供站线与各水线、各甲板边线、外板顶线及增项线交点的半宽值,[38],"[""shiprag_p038_00047""]",0.9
Process_理论型线放样,Measurement_型线图,理论型线放样,Process,uses_tool,使用工具,型线图,Measurement,型线图则直接给出首尾轮席的详细尺寸,[38],"[""shiprag_p038_00047""]",0.9
Process_碳弧气刨,Material_压缩空气,碳弧气刨,Process,uses_tool,使用工具,压缩空气,Material,压缩空气压力(kg/cm²)4~6，开始时开压缩空气阀门。,[28],"[""shiprag_p028_00033""]",0.9
Process_碳弧气刨,ToolEquipment_直流焊机,碳弧气刨,Process,uses_tool,使用工具,直流焊机,ToolEquipment,以直流焊机作为电源,[26],"[""shiprag_p026_00030""]",0.9
Process_碳弧气刨,Parameter_直流电机反接极,碳弧气刨,Process,uses_tool,使用工具,直流电机反接极,Parameter,采用直流电机反接极,[27],"[""shiprag_p027_00032""]",0.9
Process_碳弧气刨,ToolEquipment_碳刨钳,碳弧气刨,Process,uses_tool,使用工具,碳刨钳,ToolEquipment,碳刨钳是进行碳弧气刨时夹持碳棒进行操作的手持工具,[27],"[""shiprag_p027_00031""]",0.9
Process_碳弧气刨,Material_碳棒,碳弧气刨,Process,uses_tool,使用工具,碳棒,Material,碳棒和钢板瞬间接触产生稳定电弧,[26],"[""shiprag_p026_00030""]",0.9
Process_碳弧气刨,ToolEquipment_碳棒,碳弧气刨,Process,uses_tool,使用工具,碳棒,ToolEquipment,用碳棒钳正确夹持碳棒，前端伸出约100mm，打刨削方向开始时开压缩空气阀门。,"[27, 28]","[""shiprag_p027_00032"", ""shiprag_p028_00033""]",0.9
ToolEquipment_积术型框架式可调脚手架,ToolEquipment_吊挂装置,积术型框架式可调脚手架,ToolEquipment,uses_tool,使用工具,吊挂装置,ToolEquipment,借助吊挂装置悬挂于侧,[153],"[""shiprag_p153_00176""]",0.9
Operation_空中翻身,ToolEquipment_吊车,空中翻身,Operation,uses_tool,使用工具,吊车,ToolEquipment,如为一台吊车，分段水平吊起后，副钩缓慢松钩,[24],"[""shiprag_p024_00027""]",0.9
ToolEquipment_线锤,Operation_定位,线锤,ToolEquipment,uses_tool,使用工具,定位,Operation,吊线锤将胎架与相关各线向上驳到侧围板上,[107],"[""shiprag_p107_00124""]",0.9
Measurement_肋骨检验线,ToolEquipment_激光经纬仪,肋骨检验线,Measurement,uses_tool,使用工具,激光经纬仪,ToolEquipment,用激光经纬仪以作垂直线的方法画出,[157],"[""shiprag_p157_00181""]",0.9
Component_舰柱,ToolEquipment_胎架,舰柱,Component,uses_tool,使用工具,胎架,ToolEquipment,在平台上设置坚固的胎架,[96],"[""shiprag_p096_00112""]",0.8
ProcessObject_舷侧分段,ToolEquipment_双斜切胎架,舷侧分段,ProcessObject,uses_tool,使用工具,双斜切胎架,ToolEquipment,以带甲板边板的横骨架式侧分段为例，介绍采用双斜切胎架时的装配工艺,[128],"[""shiprag_p128_00146""]",0.9
ProcessObject_舷侧分段,ToolEquipment_活络支柱胎架,舷侧分段,ProcessObject,uses_tool,使用工具,活络支柱胎架,ToolEquipment,在活络支柱胎架上板的定位,[128],"[""shiprag_p128_00146""]",0.9
ProcessObject_舷侧分段,ToolEquipment_线锤,舷侧分段,ProcessObject,uses_tool,使用工具,线锤,ToolEquipment,悬线锤检查半宽,[169],"[""shiprag_p169_00196""]",0.9
Process_船体总装配,ToolEquipment_船台,船体总装配,Process,uses_tool,使用工具,船台,ToolEquipment,吊运到具有坚实地基的总装场所，作为总装场所的船台,[150],"[""shiprag_p150_00172""]",0.9
Operation_角尺法,Material_钢丝,角尺法,Operation,uses_tool,使用工具,钢丝,Material,将一根直径1.0~1.5mm的钢丝通过松紧螺丝固定在铁质拉板上,[35],"[""shiprag_p035_00043""]",0.9
Operation_设置肋骨线,ToolEquipment_钢盘尺,设置肋骨线,Operation,uses_tool,使用工具,钢盘尺,ToolEquipment,在纵剖线图、半宽水线图的基线和中线上，用钢盘尺定出各肋位点。,[46],"[""shiprag_p046_00056""]",0.95
Component_轴包板,ToolEquipment_葫芦,轴包板,Component,uses_tool,使用工具,葫芦,ToolEquipment,在懿柱的适当位置装一只葫芦。,[138],"[""shiprag_p138_00158""]",0.8
Component_铸钢件接头,Parameter_双U型坡口,铸钢件接头,Component,uses_tool,使用工具,双U型坡口,Parameter,"采用双U型剖口,手工焊接",[99],"[""shiprag_p099_00115""]",0.9
Component_铸钢件接头,Operation_手工电弧焊,铸钢件接头,Component,uses_tool,使用工具,手工电弧焊,Operation,进行手工电弧焊,[99],"[""shiprag_p099_00115""]",0.9
Component_鳍柱,ToolEquipment_胎架,鳍柱,Component,uses_tool,使用工具,胎架,ToolEquipment,柱在胎架上的拼接方式有两种。,[98],"[""shiprag_p098_00114""]",0.9
